control_id,anchor_id,wallet_address,mint,control_timestamp,offset_seconds,control_market_cap_usd,control_liquidity_usd,control_token_age_seconds,control_volume_velocity_tps,control_mint_authority_revoked,control_freeze_authority_revoked,control_lp_locked,control_top10_holders_percent
winner_000_ctrl_-300s,winner_000,7BNaxx6KdUYrACNQZ9He26NBFoFxujQMAfNLnArLGH5,7GCihgDB8fe6KNjn2MYtkzZcRjQy3t9GHdC8uHYmW2hr,2026-05-20T11:55:00,-300,6536.44,21034.79,10,7.63,True,True,False,68.65
winner_000_ctrl_-120s,winner_000,7BNaxx6KdUYrACNQZ9He26NBFoFxujQMAfNLnArLGH5,7GCihgDB8fe6KNjn2MYtkzZcRjQy3t9GHdC8uHYmW2hr,2026-05-20T11:58:00,-120,38212.5,3988.57,301,8.44,False,False,True,62.71
winner_000_ctrl_-60s,winner_000,7BNaxx6KdUYrACNQZ9He26NBFoFxujQMAfNLnArLGH5,7GCihgDB8fe6KNjn2MYtkzZcRjQy3t9GHdC8uHYmW2hr,2026-05-20T11:59:00,-60,60608.18,2383.86,67,7.51,True,True,False,29.48
winner_001_ctrl_-300s,winner_001,7BNaxx6KdUYrACNQZ9He26NBFoFxujQMAfNLnArLGH5,DezXAZ8z7PnrnRJjz3wXBoRgixCa6xjnB7YaB1pPB263,2026-05-20T12:55:00,-300,73015.53,45494.75,27,2.94,True,True,True,87.3
winner_001_ctrl_-120s,winner_001,7BNaxx6KdUYrACNQZ9He26NBFoFxujQMAfNLnArLGH5,DezXAZ8z7PnrnRJjz3wXBoRgixCa6xjnB7YaB1pPB263,2026-05-20T12:58:00,-120,72087.92,40251.7,548,4.06,True,True,True,47.56
winner_001_ctrl_-60s,winner_001,7BNaxx6KdUYrACNQZ9He26NBFoFxujQMAfNLnArLGH5,DezXAZ8z7PnrnRJjz3wXBoRgixCa6xjnB7YaB1pPB263,2026-05-20T12:59:00,-60,22839.72,26546.94,541,6.48,True,False,False,59.89
winner_002_ctrl_-300s,winner_002,7BNaxx6KdUYrACNQZ9He26NBFoFxujQMAfNLnArLGH5,EKpQGSJtjMFqKZ9KQanSqYXRcF8fBopzLHYxdM65zcjm,2026-05-20T13:55:00,-300,26741.51,48997.79,152,6.68,False,True,False,38.36
winner_002_ctrl_-120s,winner_002,7BNaxx6KdUYrACNQZ9He26NBFoFxujQMAfNLnArLGH5,EKpQGSJtjMFqKZ9KQanSqYXRcF8fBopzLHYxdM65zcjm,2026-05-20T13:58:00,-120,28144.01,9841.21,10,4.89,True,True,True,30.8
winner_002_ctrl_-60s,winner_002,7BNaxx6KdUYrACNQZ9He26NBFoFxujQMAfNLnArLGH5,EKpQGSJtjMFqKZ9KQanSqYXRcF8fBopzLHYxdM65zcjm,2026-05-20T13:59:00,-60,38344.51,38800.34,485,7.53,True,True,False,27.44
winner_003_ctrl_-300s,winner_003,7BNaxx6KdUYrACNQZ9He26NBFoFxujQMAfNLnArLGH5,HbxiDXQxBkMN5vVqTxFxnvNhfPsPJFkKZvKUhfQMhDfG,2026-05-20T14:55:00,-300,84962.7,29256.21,10,6.48,True,True,True,59.66
winner_003_ctrl_-120s,winner_003,7BNaxx6KdUYrACNQZ9He26NBFoFxujQMAfNLnArLGH5,HbxiDXQxBkMN5vVqTxFxnvNhfPsPJFkKZvKUhfQMhDfG,2026-05-20T14:58:00,-120,48367.34,40978.44,124,8.71,True,True,True,52.4
winner_003_ctrl_-60s,winner_003,7BNaxx6KdUYrACNQZ9He26NBFoFxujQMAfNLnArLGH5,HbxiDXQxBkMN5vVqTxFxnvNhfPsPJFkKZvKUhfQMhDfG,2026-05-20T14:59:00,-60,73187.06,33523.99,117,1.71,True,True,True,53.76
winner_004_ctrl_-300s,winner_004,7BNaxx6KdUYrACNQZ9He26NBFoFxujQMAfNLnArLGH5,JUPyiJYAv2vEUvvT39kEXQfnN4oGsGEzrHrMXVM9CLhj,2026-05-20T15:55:00,-300,50578.32,9186.54,298,8.02,True,False,False,37.96
winner_004_ctrl_-120s,winner_004,7BNaxx6KdUYrACNQZ9He26NBFoFxujQMAfNLnArLGH5,JUPyiJYAv2vEUvvT39kEXQfnN4oGsGEzrHrMXVM9CLhj,2026-05-20T15:58:00,-120,69127.29,9464.97,595,6.58,False,False,True,31.12
winner_004_ctrl_-60s,winner_004,7BNaxx6KdUYrACNQZ9He26NBFoFxujQMAfNLnArLGH5,JUPyiJYAv2vEUvvT39kEXQfnN4oGsGEzrHrMXVM9CLhj,2026-05-20T15:59:00,-60,6626.04,47745.41,394,3.09,False,True,False,48.84
winner_005_ctrl_-300s,winner_005,7BNaxx6KdUYrACNQZ9He26NBFoFxujQMAfNLnArLGH5,7GCihgDB8fe6KNjn2MYtkzZcRjQy3t9GHdC8uHYmW2hr,2026-05-20T16:55:00,-300,39410.6,45549.56,140,8.63,True,True,False,63.72
winner_005_ctrl_-120s,winner_005,7BNaxx6KdUYrACNQZ9He26NBFoFxujQMAfNLnArLGH5,7GCihgDB8fe6KNjn2MYtkzZcRjQy3t9GHdC8uHYmW2hr,2026-05-20T16:58:00,-120,59461.36,47655.78,219,4.97,True,False,True,79.81
winner_005_ctrl_-60s,winner_005,7BNaxx6KdUYrACNQZ9He26NBFoFxujQMAfNLnArLGH5,7GCihgDB8fe6KNjn2MYtkzZcRjQy3t9GHdC8uHYmW2hr,2026-05-20T16:59:00,-60,50503.26,28786.81,10,2.99,True,True,True,82.43
winner_006_ctrl_-300s,winner_006,7BNaxx6KdUYrACNQZ9He26NBFoFxujQMAfNLnArLGH5,DezXAZ8z7PnrnRJjz3wXBoRgixCa6xjnB7YaB1pPB263,2026-05-20T17:55:00,-300,43092.65,37281.66,305,7.01,False,True,True,54.88
winner_006_ctrl_-120s,winner_006,7BNaxx6KdUYrACNQZ9He26NBFoFxujQMAfNLnArLGH5,DezXAZ8z7PnrnRJjz3wXBoRgixCa6xjnB7YaB1pPB263,2026-05-20T17:58:00,-120,40869.9,34138.1,165,5.45,False,False,False,37.96
winner_006_ctrl_-60s,winner_006,7BNaxx6KdUYrACNQZ9He26NBFoFxujQMAfNLnArLGH5,DezXAZ8z7PnrnRJjz3wXBoRgixCa6xjnB7YaB1pPB263,2026-05-20T17:59:00,-60,24456.98,25229.99,557,4.93,True,False,True,81.25
winner_007_ctrl_-300s,winner_007,7BNaxx6KdUYrACNQZ9He26NBFoFxujQMAfNLnArLGH5,EKpQGSJtjMFqKZ9KQanSqYXRcF8fBopzLHYxdM65zcjm,2026-05-20T18:55:00,-300,15733.2,22323.38,10,9.66,False,True,False,82.98
winner_007_ctrl_-120s,winner_007,7BNaxx6KdUYrACNQZ9He26NBFoFxujQMAfNLnArLGH5,EKpQGSJtjMFqKZ9KQanSqYXRcF8fBopzLHYxdM65zcjm,2026-05-20T18:58:00,-120,21795.16,48232.87,444,2.37,True,False,True,81.28
winner_007_ctrl_-60s,winner_007,7BNaxx6KdUYrACNQZ9He26NBFoFxujQMAfNLnArLGH5,EKpQGSJtjMFqKZ9KQanSqYXRcF8fBopzLHYxdM65zcjm,2026-05-20T18:59:00,-60,32524.17,49257.36,10,1.48,True,False,True,63.01
winner_008_ctrl_-300s,winner_008,7BNaxx6KdUYrACNQZ9He26NBFoFxujQMAfNLnArLGH5,HbxiDXQxBkMN5vVqTxFxnvNhfPsPJFkKZvKUhfQMhDfG,2026-05-20T19:55:00,-300,77540.09,3546.56,391,7.05,False,True,False,35.8
winner_008_ctrl_-120s,winner_008,7BNaxx6KdUYrACNQZ9He26NBFoFxujQMAfNLnArLGH5,HbxiDXQxBkMN5vVqTxFxnvNhfPsPJFkKZvKUhfQMhDfG,2026-05-20T19:58:00,-120,41356.75,44969.53,671,7.92,True,False,False,67.49
winner_008_ctrl_-60s,winner_008,7BNaxx6KdUYrACNQZ9He26NBFoFxujQMAfNLnArLGH5,HbxiDXQxBkMN5vVqTxFxnvNhfPsPJFkKZvKUhfQMhDfG,2026-05-20T19:59:00,-60,59044.38,25412.11,562,4.73,True,True,False,69.53
winner_009_ctrl_-300s,winner_009,7BNaxx6KdUYrACNQZ9He26NBFoFxujQMAfNLnArLGH5,JUPyiJYAv2vEUvvT39kEXQfnN4oGsGEzrHrMXVM9CLhj,2026-05-20T20:55:00,-300,50154.04,21375.32,419,9.99,True,False,False,83.71
winner_009_ctrl_-120s,winner_009,7BNaxx6KdUYrACNQZ9He26NBFoFxujQMAfNLnArLGH5,JUPyiJYAv2vEUvvT39kEXQfnN4oGsGEzrHrMXVM9CLhj,2026-05-20T20:58:00,-120,73204.31,17321.1,410,8.73,True,True,True,66.06
winner_009_ctrl_-60s,winner_009,7BNaxx6KdUYrACNQZ9He26NBFoFxujQMAfNLnArLGH5,JUPyiJYAv2vEUvvT39kEXQfnN4oGsGEzrHrMXVM9CLhj,2026-05-20T20:59:00,-60,66584.38,16830.96,356,3.13,False,True,True,52.58
winner_010_ctrl_-300s,winner_010,7BNaxx6KdUYrACNQZ9He26NBFoFxujQMAfNLnArLGH5,7GCihgDB8fe6KNjn2MYtkzZcRjQy3t9GHdC8uHYmW2hr,2026-05-20T21:55:00,-300,78822.66,14253.94,10,9.49,False,True,False,64.7
winner_010_ctrl_-120s,winner_010,7BNaxx6KdUYrACNQZ9He26NBFoFxujQMAfNLnArLGH5,7GCihgDB8fe6KNjn2MYtkzZcRjQy3t9GHdC8uHYmW2hr,2026-05-20T21:58:00,-120,62796.42,37591.5,10,1.11,True,True,False,40.48
winner_010_ctrl_-60s,winner_010,7BNaxx6KdUYrACNQZ9He26NBFoFxujQMAfNLnArLGH5,7GCihgDB8fe6KNjn2MYtkzZcRjQy3t9GHdC8uHYmW2hr,2026-05-20T21:59:00,-60,68977.36,4511.77,134,3.55,True,True,False,63.67
winner_011_ctrl_-300s,winner_011,7BNaxx6KdUYrACNQZ9He26NBFoFxujQMAfNLnArLGH5,DezXAZ8z7PnrnRJjz3wXBoRgixCa6xjnB7YaB1pPB263,2026-05-20T22:55:00,-300,51428.31,49197.85,341,1.26,True,True,True,74.08
winner_011_ctrl_-120s,winner_011,7BNaxx6KdUYrACNQZ9He26NBFoFxujQMAfNLnArLGH5,DezXAZ8z7PnrnRJjz3wXBoRgixCa6xjnB7YaB1pPB263,2026-05-20T22:58:00,-120,67193.12,23270.18,363,3.8,False,True,False,70.86
winner_011_ctrl_-60s,winner_011,7BNaxx6KdUYrACNQZ9He26NBFoFxujQMAfNLnArLGH5,DezXAZ8z7PnrnRJjz3wXBoRgixCa6xjnB7YaB1pPB263,2026-05-20T22:59:00,-60,18088.41,37198.76,10,8.86,True,False,False,40.39
winner_012_ctrl_-300s,winner_012,7BNaxx6KdUYrACNQZ9He26NBFoFxujQMAfNLnArLGH5,EKpQGSJtjMFqKZ9KQanSqYXRcF8fBopzLHYxdM65zcjm,2026-05-20T23:55:00,-300,71829.09,13780.01,10,2.26,False,True,True,42.91
winner_012_ctrl_-120s,winner_012,7BNaxx6KdUYrACNQZ9He26NBFoFxujQMAfNLnArLGH5,EKpQGSJtjMFqKZ9KQanSqYXRcF8fBopzLHYxdM65zcjm,2026-05-20T23:58:00,-120,68866.78,35416.41,308,1.77,False,True,True,29.69
winner_012_ctrl_-60s,winner_012,7BNaxx6KdUYrACNQZ9He26NBFoFxujQMAfNLnArLGH5,EKpQGSJtjMFqKZ9KQanSqYXRcF8fBopzLHYxdM65zcjm,2026-05-20T23:59:00,-60,39032.68,47632.01,744,8.66,True,False,True,34.26
winner_013_ctrl_-300s,winner_013,7BNaxx6KdUYrACNQZ9He26NBFoFxujQMAfNLnArLGH5,HbxiDXQxBkMN5vVqTxFxnvNhfPsPJFkKZvKUhfQMhDfG,2026-05-21T00:55:00,-300,15516.01,15324.11,470,8.8,False,True,False,67.54
winner_013_ctrl_-120s,winner_013,7BNaxx6KdUYrACNQZ9He26NBFoFxujQMAfNLnArLGH5,HbxiDXQxBkMN5vVqTxFxnvNhfPsPJFkKZvKUhfQMhDfG,2026-05-21T00:58:00,-120,15216.07,12783.09,10,2.94,True,True,False,71.21
winner_013_ctrl_-60s,winner_013,7BNaxx6KdUYrACNQZ9He26NBFoFxujQMAfNLnArLGH5,HbxiDXQxBkMN5vVqTxFxnvNhfPsPJFkKZvKUhfQMhDfG,2026-05-21T00:59:00,-60,16235.56,37485.9,466,7.24,True,True,False,26.7
winner_014_ctrl_-300s,winner_014,7BNaxx6KdUYrACNQZ9He26NBFoFxujQMAfNLnArLGH5,JUPyiJYAv2vEUvvT39kEXQfnN4oGsGEzrHrMXVM9CLhj,2026-05-21T01:55:00,-300,73492.79,31573.33,10,5.17,True,False,True,20.28
winner_014_ctrl_-120s,winner_014,7BNaxx6KdUYrACNQZ9He26NBFoFxujQMAfNLnArLGH5,JUPyiJYAv2vEUvvT39kEXQfnN4oGsGEzrHrMXVM9CLhj,2026-05-21T01:58:00,-120,11747.24,27649.52,552,7.9,True,True,True,47.92
winner_014_ctrl_-60s,winner_014,7BNaxx6KdUYrACNQZ9He26NBFoFxujQMAfNLnArLGH5,JUPyiJYAv2vEUvvT39kEXQfnN4oGsGEzrHrMXVM9CLhj,2026-05-21T01:59:00,-60,44967.49,30122.78,641,3.66,False,True,False,72.22
winner_015_ctrl_-300s,winner_015,7BNaxx6KdUYrACNQZ9He26NBFoFxujQMAfNLnArLGH5,7GCihgDB8fe6KNjn2MYtkzZcRjQy3t9GHdC8uHYmW2hr,2026-05-21T02:55:00,-300,19529.45,48653.88,322,4.94,True,True,False,44.31
winner_015_ctrl_-120s,winner_015,7BNaxx6KdUYrACNQZ9He26NBFoFxujQMAfNLnArLGH5,7GCihgDB8fe6KNjn2MYtkzZcRjQy3t9GHdC8uHYmW2hr,2026-05-21T02:58:00,-120,69828.86,47431.26,354,9.84,True,True,False,89.24
winner_015_ctrl_-60s,winner_015,7BNaxx6KdUYrACNQZ9He26NBFoFxujQMAfNLnArLGH5,7GCihgDB8fe6KNjn2MYtkzZcRjQy3t9GHdC8uHYmW2hr,2026-05-21T02:59:00,-60,52443.61,2584.02,362,4.58,True,True,False,82.17
winner_016_ctrl_-300s,winner_016,7BNaxx6KdUYrACNQZ9He26NBFoFxujQMAfNLnArLGH5,DezXAZ8z7PnrnRJjz3wXBoRgixCa6xjnB7YaB1pPB263,2026-05-21T03:55:00,-300,7433.02,29206.16,484,6.74,True,False,False,42.55
winner_016_ctrl_-120s,winner_016,7BNaxx6KdUYrACNQZ9He26NBFoFxujQMAfNLnArLGH5,DezXAZ8z7PnrnRJjz3wXBoRgixCa6xjnB7YaB1pPB263,2026-05-21T03:58:00,-120,7803.03,30637.57,437,2.17,True,False,True,40.58
winner_016_ctrl_-60s,winner_016,7BNaxx6KdUYrACNQZ9He26NBFoFxujQMAfNLnArLGH5,DezXAZ8z7PnrnRJjz3wXBoRgixCa6xjnB7YaB1pPB263,2026-05-21T03:59:00,-60,50510.57,49313.79,10,2.9,False,True,True,70.48
winner_017_ctrl_-300s,winner_017,7BNaxx6KdUYrACNQZ9He26NBFoFxujQMAfNLnArLGH5,EKpQGSJtjMFqKZ9KQanSqYXRcF8fBopzLHYxdM65zcjm,2026-05-21T04:55:00,-300,42999.98,28861.5,10,5.24,False,False,False,46.91
winner_017_ctrl_-120s,winner_017,7BNaxx6KdUYrACNQZ9He26NBFoFxujQMAfNLnArLGH5,EKpQGSJtjMFqKZ9KQanSqYXRcF8fBopzLHYxdM65zcjm,2026-05-21T04:58:00,-120,78001.02,6778.32,780,4.54,False,True,False,64.86
winner_017_ctrl_-60s,winner_017,7BNaxx6KdUYrACNQZ9He26NBFoFxujQMAfNLnArLGH5,EKpQGSJtjMFqKZ9KQanSqYXRcF8fBopzLHYxdM65zcjm,2026-05-21T04:59:00,-60,63428.22,31759.81,487,1.81,False,False,False,48.4
winner_018_ctrl_-300s,winner_018,7BNaxx6KdUYrACNQZ9He26NBFoFxujQMAfNLnArLGH5,HbxiDXQxBkMN5vVqTxFxnvNhfPsPJFkKZvKUhfQMhDfG,2026-05-21T05:55:00,-300,24822.9,14764.01,10,7.37,False,True,True,89.05
winner_018_ctrl_-120s,winner_018,7BNaxx6KdUYrACNQZ9He26NBFoFxujQMAfNLnArLGH5,HbxiDXQxBkMN5vVqTxFxnvNhfPsPJFkKZvKUhfQMhDfG,2026-05-21T05:58:00,-120,49473.96,19007.08,379,4.11,True,True,False,41.15
winner_018_ctrl_-60s,winner_018,7BNaxx6KdUYrACNQZ9He26NBFoFxujQMAfNLnArLGH5,HbxiDXQxBkMN5vVqTxFxnvNhfPsPJFkKZvKUhfQMhDfG,2026-05-21T05:59:00,-60,28628.3,38393.63,478,7.99,True,False,False,52.62
winner_019_ctrl_-300s,winner_019,7BNaxx6KdUYrACNQZ9He26NBFoFxujQMAfNLnArLGH5,JUPyiJYAv2vEUvvT39kEXQfnN4oGsGEzrHrMXVM9CLhj,2026-05-21T06:55:00,-300,64552.15,34636.46,425,6.75,False,True,False,54.95
winner_019_ctrl_-120s,winner_019,7BNaxx6KdUYrACNQZ9He26NBFoFxujQMAfNLnArLGH5,JUPyiJYAv2vEUvvT39kEXQfnN4oGsGEzrHrMXVM9CLhj,2026-05-21T06:58:00,-120,83096.48,31330.38,10,7.07,True,False,True,88.41
winner_019_ctrl_-60s,winner_019,7BNaxx6KdUYrACNQZ9He26NBFoFxujQMAfNLnArLGH5,JUPyiJYAv2vEUvvT39kEXQfnN4oGsGEzrHrMXVM9CLhj,2026-05-21T06:59:00,-60,35283.65,39468.89,650,8.13,True,False,True,85.16
winner_020_ctrl_-300s,winner_020,7BNaxx6KdUYrACNQZ9He26NBFoFxujQMAfNLnArLGH5,7GCihgDB8fe6KNjn2MYtkzZcRjQy3t9GHdC8uHYmW2hr,2026-05-21T07:55:00,-300,65033.55,45643.02,10,1.73,False,True,True,60.03
winner_020_ctrl_-120s,winner_020,7BNaxx6KdUYrACNQZ9He26NBFoFxujQMAfNLnArLGH5,7GCihgDB8fe6KNjn2MYtkzZcRjQy3t9GHdC8uHYmW2hr,2026-05-21T07:58:00,-120,83501.27,21513.91,10,4.08,False,True,False,88.26
winner_020_ctrl_-60s,winner_020,7BNaxx6KdUYrACNQZ9He26NBFoFxujQMAfNLnArLGH5,7GCihgDB8fe6KNjn2MYtkzZcRjQy3t9GHdC8uHYmW2hr,2026-05-21T07:59:00,-60,25963.81,40796.42,770,4.58,True,False,True,84.59
winner_021_ctrl_-300s,winner_021,7BNaxx6KdUYrACNQZ9He26NBFoFxujQMAfNLnArLGH5,DezXAZ8z7PnrnRJjz3wXBoRgixCa6xjnB7YaB1pPB263,2026-05-21T08:55:00,-300,41655.01,8916.03,10,8.24,False,True,True,84.4
winner_021_ctrl_-120s,winner_021,7BNaxx6KdUYrACNQZ9He26NBFoFxujQMAfNLnArLGH5,DezXAZ8z7PnrnRJjz3wXBoRgixCa6xjnB7YaB1pPB263,2026-05-21T08:58:00,-120,7068.12,40363.93,44,2.9,False,False,False,48.92
winner_021_ctrl_-60s,winner_021,7BNaxx6KdUYrACNQZ9He26NBFoFxujQMAfNLnArLGH5,DezXAZ8z7PnrnRJjz3wXBoRgixCa6xjnB7YaB1pPB263,2026-05-21T08:59:00,-60,53739.69,30563.86,81,9.42,True,True,True,57.24
winner_022_ctrl_-300s,winner_022,7BNaxx6KdUYrACNQZ9He26NBFoFxujQMAfNLnArLGH5,EKpQGSJtjMFqKZ9KQanSqYXRcF8fBopzLHYxdM65zcjm,2026-05-21T09:55:00,-300,39873.89,13434.4,486,2.8,False,True,True,65.62
winner_022_ctrl_-120s,winner_022,7BNaxx6KdUYrACNQZ9He26NBFoFxujQMAfNLnArLGH5,EKpQGSJtjMFqKZ9KQanSqYXRcF8fBopzLHYxdM65zcjm,2026-05-21T09:58:00,-120,53878.87,30288.14,160,1.76,True,True,False,31.61
winner_022_ctrl_-60s,winner_022,7BNaxx6KdUYrACNQZ9He26NBFoFxujQMAfNLnArLGH5,EKpQGSJtjMFqKZ9KQanSqYXRcF8fBopzLHYxdM65zcjm,2026-05-21T09:59:00,-60,6026.6,9575.85,77,7.03,True,True,True,42.66
winner_023_ctrl_-300s,winner_023,7BNaxx6KdUYrACNQZ9He26NBFoFxujQMAfNLnArLGH5,HbxiDXQxBkMN5vVqTxFxnvNhfPsPJFkKZvKUhfQMhDfG,2026-05-21T10:55:00,-300,13268.7,33336.74,581,3.37,True,False,False,88.25
winner_023_ctrl_-120s,winner_023,7BNaxx6KdUYrACNQZ9He26NBFoFxujQMAfNLnArLGH5,HbxiDXQxBkMN5vVqTxFxnvNhfPsPJFkKZvKUhfQMhDfG,2026-05-21T10:58:00,-120,5162.54,9975.71,638,9.52,True,True,True,25.72
winner_023_ctrl_-60s,winner_023,7BNaxx6KdUYrACNQZ9He26NBFoFxujQMAfNLnArLGH5,HbxiDXQxBkMN5vVqTxFxnvNhfPsPJFkKZvKUhfQMhDfG,2026-05-21T10:59:00,-60,17330.09,22324.91,316,2.81,True,False,False,33.99
winner_024_ctrl_-300s,winner_024,7BNaxx6KdUYrACNQZ9He26NBFoFxujQMAfNLnArLGH5,JUPyiJYAv2vEUvvT39kEXQfnN4oGsGEzrHrMXVM9CLhj,2026-05-21T11:55:00,-300,7526.2,13759.26,10,1.43,True,False,False,26.37
winner_024_ctrl_-120s,winner_024,7BNaxx6KdUYrACNQZ9He26NBFoFxujQMAfNLnArLGH5,JUPyiJYAv2vEUvvT39kEXQfnN4oGsGEzrHrMXVM9CLhj,2026-05-21T11:58:00,-120,40771.73,27465.16,535,5.72,True,True,True,37.83
winner_024_ctrl_-60s,winner_024,7BNaxx6KdUYrACNQZ9He26NBFoFxujQMAfNLnArLGH5,JUPyiJYAv2vEUvvT39kEXQfnN4oGsGEzrHrMXVM9CLhj,2026-05-21T11:59:00,-60,57630.88,19329.82,366,1.71,True,True,False,79.84
winner_025_ctrl_-300s,winner_025,7BNaxx6KdUYrACNQZ9He26NBFoFxujQMAfNLnArLGH5,7GCihgDB8fe6KNjn2MYtkzZcRjQy3t9GHdC8uHYmW2hr,2026-05-21T12:55:00,-300,47516.28,46279.8,10,3.99,True,True,True,75.96
winner_025_ctrl_-120s,winner_025,7BNaxx6KdUYrACNQZ9He26NBFoFxujQMAfNLnArLGH5,7GCihgDB8fe6KNjn2MYtkzZcRjQy3t9GHdC8uHYmW2hr,2026-05-21T12:58:00,-120,13889.24,29087.66,22,8.18,False,True,False,71.25
winner_025_ctrl_-60s,winner_025,7BNaxx6KdUYrACNQZ9He26NBFoFxujQMAfNLnArLGH5,7GCihgDB8fe6KNjn2MYtkzZcRjQy3t9GHdC8uHYmW2hr,2026-05-21T12:59:00,-60,30960.99,34122.75,218,4.22,True,True,False,33.73
winner_026_ctrl_-300s,winner_026,7BNaxx6KdUYrACNQZ9He26NBFoFxujQMAfNLnArLGH5,DezXAZ8z7PnrnRJjz3wXBoRgixCa6xjnB7YaB1pPB263,2026-05-21T13:55:00,-300,52246.37,42519.16,10,6.25,True,False,False,64.14
winner_026_ctrl_-120s,winner_026,7BNaxx6KdUYrACNQZ9He26NBFoFxujQMAfNLnArLGH5,DezXAZ8z7PnrnRJjz3wXBoRgixCa6xjnB7YaB1pPB263,2026-05-21T13:58:00,-120,25808.28,16175.76,203,2.01,False,False,True,60.04
winner_026_ctrl_-60s,winner_026,7BNaxx6KdUYrACNQZ9He26NBFoFxujQMAfNLnArLGH5,DezXAZ8z7PnrnRJjz3wXBoRgixCa6xjnB7YaB1pPB263,2026-05-21T13:59:00,-60,27037.03,47027.85,156,7.92,False,False,True,76.17
winner_027_ctrl_-300s,winner_027,7BNaxx6KdUYrACNQZ9He26NBFoFxujQMAfNLnArLGH5,EKpQGSJtjMFqKZ9KQanSqYXRcF8fBopzLHYxdM65zcjm,2026-05-21T14:55:00,-300,66620.9,9339.23,10,1.37,True,True,True,42.36
winner_027_ctrl_-120s,winner_027,7BNaxx6KdUYrACNQZ9He26NBFoFxujQMAfNLnArLGH5,EKpQGSJtjMFqKZ9KQanSqYXRcF8fBopzLHYxdM65zcjm,2026-05-21T14:58:00,-120,82318.83,25534.04,10,6.74,False,True,False,31.76
winner_027_ctrl_-60s,winner_027,7BNaxx6KdUYrACNQZ9He26NBFoFxujQMAfNLnArLGH5,EKpQGSJtjMFqKZ9KQanSqYXRcF8fBopzLHYxdM65zcjm,2026-05-21T14:59:00,-60,82711.93,28260.46,682,7.47,False,True,True,39.94
winner_028_ctrl_-300s,winner_028,7BNaxx6KdUYrACNQZ9He26NBFoFxujQMAfNLnArLGH5,HbxiDXQxBkMN5vVqTxFxnvNhfPsPJFkKZvKUhfQMhDfG,2026-05-21T15:55:00,-300,49468.44,48834.17,10,4.07,False,False,False,39.31
winner_028_ctrl_-120s,winner_028,7BNaxx6KdUYrACNQZ9He26NBFoFxujQMAfNLnArLGH5,HbxiDXQxBkMN5vVqTxFxnvNhfPsPJFkKZvKUhfQMhDfG,2026-05-21T15:58:00,-120,74775.55,17652.11,159,3.4,True,True,False,65.61
winner_028_ctrl_-60s,winner_028,7BNaxx6KdUYrACNQZ9He26NBFoFxujQMAfNLnArLGH5,HbxiDXQxBkMN5vVqTxFxnvNhfPsPJFkKZvKUhfQMhDfG,2026-05-21T15:59:00,-60,47276.31,8802.69,583,5.4,True,True,True,63.12
winner_029_ctrl_-300s,winner_029,7BNaxx6KdUYrACNQZ9He26NBFoFxujQMAfNLnArLGH5,JUPyiJYAv2vEUvvT39kEXQfnN4oGsGEzrHrMXVM9CLhj,2026-05-21T16:55:00,-300,71892.47,37265.21,116,5.92,True,True,True,31.37
winner_029_ctrl_-120s,winner_029,7BNaxx6KdUYrACNQZ9He26NBFoFxujQMAfNLnArLGH5,JUPyiJYAv2vEUvvT39kEXQfnN4oGsGEzrHrMXVM9CLhj,2026-05-21T16:58:00,-120,6867.0,45798.52,768,2.8,True,False,True,67.05
winner_029_ctrl_-60s,winner_029,7BNaxx6KdUYrACNQZ9He26NBFoFxujQMAfNLnArLGH5,JUPyiJYAv2vEUvvT39kEXQfnN4oGsGEzrHrMXVM9CLhj,2026-05-21T16:59:00,-60,18417.72,39086.01,360,6.23,False,False,False,68.76
loser_000_ctrl_-300s,loser_000,7BNaxx6KdUYrACNQZ9He26NBFoFxujQMAfNLnArLGH5,7GCihgDB8fe6KNjn2MYtkzZcRjQy3t9GHdC8uHYmW2hr,2026-05-21T17:55:00,-300,71876.37,48638.7,10,9.32,True,True,False,70.96
loser_000_ctrl_-120s,loser_000,7BNaxx6KdUYrACNQZ9He26NBFoFxujQMAfNLnArLGH5,7GCihgDB8fe6KNjn2MYtkzZcRjQy3t9GHdC8uHYmW2hr,2026-05-21T17:58:00,-120,36322.83,49079.52,355,7.95,True,True,True,69.88
loser_000_ctrl_-60s,loser_000,7BNaxx6KdUYrACNQZ9He26NBFoFxujQMAfNLnArLGH5,7GCihgDB8fe6KNjn2MYtkzZcRjQy3t9GHdC8uHYmW2hr,2026-05-21T17:59:00,-60,74563.69,4594.83,678,5.65,True,True,True,66.9
loser_001_ctrl_-300s,loser_001,7BNaxx6KdUYrACNQZ9He26NBFoFxujQMAfNLnArLGH5,DezXAZ8z7PnrnRJjz3wXBoRgixCa6xjnB7YaB1pPB263,2026-05-21T18:55:00,-300,18177.58,15454.5,285,5.07,True,False,False,82.86
loser_001_ctrl_-120s,loser_001,7BNaxx6KdUYrACNQZ9He26NBFoFxujQMAfNLnArLGH5,DezXAZ8z7PnrnRJjz3wXBoRgixCa6xjnB7YaB1pPB263,2026-05-21T18:58:00,-120,28490.45,34157.87,166,4.97,False,True,True,48.62
loser_001_ctrl_-60s,loser_001,7BNaxx6KdUYrACNQZ9He26NBFoFxujQMAfNLnArLGH5,DezXAZ8z7PnrnRJjz3wXBoRgixCa6xjnB7YaB1pPB263,2026-05-21T18:59:00,-60,64771.85,24383.75,73,5.96,False,True,False,83.79
loser_002_ctrl_-300s,loser_002,7BNaxx6KdUYrACNQZ9He26NBFoFxujQMAfNLnArLGH5,EKpQGSJtjMFqKZ9KQanSqYXRcF8fBopzLHYxdM65zcjm,2026-05-21T19:55:00,-300,23600.64,12618.94,274,9.63,True,True,True,23.9
loser_002_ctrl_-120s,loser_002,7BNaxx6KdUYrACNQZ9He26NBFoFxujQMAfNLnArLGH5,EKpQGSJtjMFqKZ9KQanSqYXRcF8fBopzLHYxdM65zcjm,2026-05-21T19:58:00,-120,26360.4,29013.45,351,1.73,True,True,False,62.34
loser_002_ctrl_-60s,loser_002,7BNaxx6KdUYrACNQZ9He26NBFoFxujQMAfNLnArLGH5,EKpQGSJtjMFqKZ9KQanSqYXRcF8fBopzLHYxdM65zcjm,2026-05-21T19:59:00,-60,78088.52,19448.12,496,6.86,False,True,False,21.36
loser_003_ctrl_-300s,loser_003,7BNaxx6KdUYrACNQZ9He26NBFoFxujQMAfNLnArLGH5,HbxiDXQxBkMN5vVqTxFxnvNhfPsPJFkKZvKUhfQMhDfG,2026-05-21T20:55:00,-300,50354.37,9886.36,549,7.69,True,True,False,62.7
loser_003_ctrl_-120s,loser_003,7BNaxx6KdUYrACNQZ9He26NBFoFxujQMAfNLnArLGH5,HbxiDXQxBkMN5vVqTxFxnvNhfPsPJFkKZvKUhfQMhDfG,2026-05-21T20:58:00,-120,28131.28,27456.74,272,5.76,False,False,False,78.08
loser_003_ctrl_-60s,loser_003,7BNaxx6KdUYrACNQZ9He26NBFoFxujQMAfNLnArLGH5,HbxiDXQxBkMN5vVqTxFxnvNhfPsPJFkKZvKUhfQMhDfG,2026-05-21T20:59:00,-60,65997.3,18666.9,278,7.44,False,True,True,85.62
loser_004_ctrl_-300s,loser_004,7BNaxx6KdUYrACNQZ9He26NBFoFxujQMAfNLnArLGH5,JUPyiJYAv2vEUvvT39kEXQfnN4oGsGEzrHrMXVM9CLhj,2026-05-21T21:55:00,-300,13163.11,2713.45,244,1.73,False,True,False,66.12
loser_004_ctrl_-120s,loser_004,7BNaxx6KdUYrACNQZ9He26NBFoFxujQMAfNLnArLGH5,JUPyiJYAv2vEUvvT39kEXQfnN4oGsGEzrHrMXVM9CLhj,2026-05-21T21:58:00,-120,60708.42,36947.3,360,8.33,True,False,True,57.59
loser_004_ctrl_-60s,loser_004,7BNaxx6KdUYrACNQZ9He26NBFoFxujQMAfNLnArLGH5,JUPyiJYAv2vEUvvT39kEXQfnN4oGsGEzrHrMXVM9CLhj,2026-05-21T21:59:00,-60,79504.93,17029.44,412,8.98,True,True,True,37.3
loser_005_ctrl_-300s,loser_005,7BNaxx6KdUYrACNQZ9He26NBFoFxujQMAfNLnArLGH5,7GCihgDB8fe6KNjn2MYtkzZcRjQy3t9GHdC8uHYmW2hr,2026-05-21T22:55:00,-300,73558.12,34341.87,141,7.29,True,True,False,51.44
loser_005_ctrl_-120s,loser_005,7BNaxx6KdUYrACNQZ9He26NBFoFxujQMAfNLnArLGH5,7GCihgDB8fe6KNjn2MYtkzZcRjQy3t9GHdC8uHYmW2hr,2026-05-21T22:58:00,-120,39964.23,14594.35,234,2.89,True,True,False,50.38
loser_005_ctrl_-60s,loser_005,7BNaxx6KdUYrACNQZ9He26NBFoFxujQMAfNLnArLGH5,7GCihgDB8fe6KNjn2MYtkzZcRjQy3t9GHdC8uHYmW2hr,2026-05-21T22:59:00,-60,58804.11,42058.1,409,2.56,True,False,True,33.05
loser_006_ctrl_-300s,loser_006,7BNaxx6KdUYrACNQZ9He26NBFoFxujQMAfNLnArLGH5,DezXAZ8z7PnrnRJjz3wXBoRgixCa6xjnB7YaB1pPB263,2026-05-21T23:55:00,-300,45458.22,29696.82,545,9.03,True,False,False,77.99
loser_006_ctrl_-120s,loser_006,7BNaxx6KdUYrACNQZ9He26NBFoFxujQMAfNLnArLGH5,DezXAZ8z7PnrnRJjz3wXBoRgixCa6xjnB7YaB1pPB263,2026-05-21T23:58:00,-120,67658.81,28688.1,193,1.81,True,False,True,51.05
loser_006_ctrl_-60s,loser_006,7BNaxx6KdUYrACNQZ9He26NBFoFxujQMAfNLnArLGH5,DezXAZ8z7PnrnRJjz3wXBoRgixCa6xjnB7YaB1pPB263,2026-05-21T23:59:00,-60,83628.69,14311.0,360,9.64,False,False,False,28.53
loser_007_ctrl_-300s,loser_007,7BNaxx6KdUYrACNQZ9He26NBFoFxujQMAfNLnArLGH5,EKpQGSJtjMFqKZ9KQanSqYXRcF8fBopzLHYxdM65zcjm,2026-05-22T00:55:00,-300,42508.28,44788.54,87,2.13,True,False,True,54.54
loser_007_ctrl_-120s,loser_007,7BNaxx6KdUYrACNQZ9He26NBFoFxujQMAfNLnArLGH5,EKpQGSJtjMFqKZ9KQanSqYXRcF8fBopzLHYxdM65zcjm,2026-05-22T00:58:00,-120,16550.98,23724.69,31,1.59,True,False,True,20.81
loser_007_ctrl_-60s,loser_007,7BNaxx6KdUYrACNQZ9He26NBFoFxujQMAfNLnArLGH5,EKpQGSJtjMFqKZ9KQanSqYXRcF8fBopzLHYxdM65zcjm,2026-05-22T00:59:00,-60,10208.55,42632.05,137,9.46,True,True,False,73.67
loser_008_ctrl_-300s,loser_008,7BNaxx6KdUYrACNQZ9He26NBFoFxujQMAfNLnArLGH5,HbxiDXQxBkMN5vVqTxFxnvNhfPsPJFkKZvKUhfQMhDfG,2026-05-22T01:55:00,-300,72296.79,20466.03,349,5.12,True,True,False,55.35
loser_008_ctrl_-120s,loser_008,7BNaxx6KdUYrACNQZ9He26NBFoFxujQMAfNLnArLGH5,HbxiDXQxBkMN5vVqTxFxnvNhfPsPJFkKZvKUhfQMhDfG,2026-05-22T01:58:00,-120,70272.69,22440.13,699,4.38,True,True,False,89.47
loser_008_ctrl_-60s,loser_008,7BNaxx6KdUYrACNQZ9He26NBFoFxujQMAfNLnArLGH5,HbxiDXQxBkMN5vVqTxFxnvNhfPsPJFkKZvKUhfQMhDfG,2026-05-22T01:59:00,-60,74345.14,19121.3,546,7.61,True,True,True,86.94
loser_009_ctrl_-300s,loser_009,7BNaxx6KdUYrACNQZ9He26NBFoFxujQMAfNLnArLGH5,JUPyiJYAv2vEUvvT39kEXQfnN4oGsGEzrHrMXVM9CLhj,2026-05-22T02:55:00,-300,82040.51,3560.2,58,9.4,True,False,False,69.13
loser_009_ctrl_-120s,loser_009,7BNaxx6KdUYrACNQZ9He26NBFoFxujQMAfNLnArLGH5,JUPyiJYAv2vEUvvT39kEXQfnN4oGsGEzrHrMXVM9CLhj,2026-05-22T02:58:00,-120,37203.1,20131.32,218,3.52,False,False,True,43.5
loser_009_ctrl_-60s,loser_009,7BNaxx6KdUYrACNQZ9He26NBFoFxujQMAfNLnArLGH5,JUPyiJYAv2vEUvvT39kEXQfnN4oGsGEzrHrMXVM9CLhj,2026-05-22T02:59:00,-60,71511.72,49078.13,314,9.54,True,True,True,40.27
loser_010_ctrl_-300s,loser_010,7BNaxx6KdUYrACNQZ9He26NBFoFxujQMAfNLnArLGH5,7GCihgDB8fe6KNjn2MYtkzZcRjQy3t9GHdC8uHYmW2hr,2026-05-22T03:55:00,-300,6728.01,24625.31,480,4.39,True,True,False,43.3
loser_010_ctrl_-120s,loser_010,7BNaxx6KdUYrACNQZ9He26NBFoFxujQMAfNLnArLGH5,7GCihgDB8fe6KNjn2MYtkzZcRjQy3t9GHdC8uHYmW2hr,2026-05-22T03:58:00,-120,83694.57,48961.25,297,5.68,True,True,True,45.08
loser_010_ctrl_-60s,loser_010,7BNaxx6KdUYrACNQZ9He26NBFoFxujQMAfNLnArLGH5,7GCihgDB8fe6KNjn2MYtkzZcRjQy3t9GHdC8uHYmW2hr,2026-05-22T03:59:00,-60,17617.63,18201.42,52,1.06,True,True,True,43.64
loser_011_ctrl_-300s,loser_011,7BNaxx6KdUYrACNQZ9He26NBFoFxujQMAfNLnArLGH5,DezXAZ8z7PnrnRJjz3wXBoRgixCa6xjnB7YaB1pPB263,2026-05-22T04:55:00,-300,67388.42,14523.35,528,3.6,True,False,True,73.61
loser_011_ctrl_-120s,loser_011,7BNaxx6KdUYrACNQZ9He26NBFoFxujQMAfNLnArLGH5,DezXAZ8z7PnrnRJjz3wXBoRgixCa6xjnB7YaB1pPB263,2026-05-22T04:58:00,-120,21539.35,24502.2,10,6.95,False,True,False,51.26
loser_011_ctrl_-60s,loser_011,7BNaxx6KdUYrACNQZ9He26NBFoFxujQMAfNLnArLGH5,DezXAZ8z7PnrnRJjz3wXBoRgixCa6xjnB7YaB1pPB263,2026-05-22T04:59:00,-60,76877.09,32333.82,10,5.37,True,True,False,65.23
loser_012_ctrl_-300s,loser_012,7BNaxx6KdUYrACNQZ9He26NBFoFxujQMAfNLnArLGH5,EKpQGSJtjMFqKZ9KQanSqYXRcF8fBopzLHYxdM65zcjm,2026-05-22T05:55:00,-300,82593.18,26507.36,505,4.35,True,True,True,59.56
loser_012_ctrl_-120s,loser_012,7BNaxx6KdUYrACNQZ9He26NBFoFxujQMAfNLnArLGH5,EKpQGSJtjMFqKZ9KQanSqYXRcF8fBopzLHYxdM65zcjm,2026-05-22T05:58:00,-120,47462.66,6998.81,102,6.23,False,True,True,44.65
loser_012_ctrl_-60s,loser_012,7BNaxx6KdUYrACNQZ9He26NBFoFxujQMAfNLnArLGH5,EKpQGSJtjMFqKZ9KQanSqYXRcF8fBopzLHYxdM65zcjm,2026-05-22T05:59:00,-60,52871.6,12741.52,156,1.25,True,False,True,24.34
loser_013_ctrl_-300s,loser_013,7BNaxx6KdUYrACNQZ9He26NBFoFxujQMAfNLnArLGH5,HbxiDXQxBkMN5vVqTxFxnvNhfPsPJFkKZvKUhfQMhDfG,2026-05-22T06:55:00,-300,52154.89,12009.16,502,2.8,True,True,False,58.88
loser_013_ctrl_-120s,loser_013,7BNaxx6KdUYrACNQZ9He26NBFoFxujQMAfNLnArLGH5,HbxiDXQxBkMN5vVqTxFxnvNhfPsPJFkKZvKUhfQMhDfG,2026-05-22T06:58:00,-120,36840.61,24250.73,233,4.8,True,True,False,40.61
loser_013_ctrl_-60s,loser_013,7BNaxx6KdUYrACNQZ9He26NBFoFxujQMAfNLnArLGH5,HbxiDXQxBkMN5vVqTxFxnvNhfPsPJFkKZvKUhfQMhDfG,2026-05-22T06:59:00,-60,25393.44,34378.81,579,9.46,True,True,False,44.78
loser_014_ctrl_-300s,loser_014,7BNaxx6KdUYrACNQZ9He26NBFoFxujQMAfNLnArLGH5,JUPyiJYAv2vEUvvT39kEXQfnN4oGsGEzrHrMXVM9CLhj,2026-05-22T07:55:00,-300,40197.67,3029.11,15,9.18,False,False,True,85.93
loser_014_ctrl_-120s,loser_014,7BNaxx6KdUYrACNQZ9He26NBFoFxujQMAfNLnArLGH5,JUPyiJYAv2vEUvvT39kEXQfnN4oGsGEzrHrMXVM9CLhj,2026-05-22T07:58:00,-120,74807.66,49483.48,311,3.58,True,True,False,51.55
loser_014_ctrl_-60s,loser_014,7BNaxx6KdUYrACNQZ9He26NBFoFxujQMAfNLnArLGH5,JUPyiJYAv2vEUvvT39kEXQfnN4oGsGEzrHrMXVM9CLhj,2026-05-22T07:59:00,-60,48534.28,6634.29,71,8.98,True,True,True,81.9
loser_015_ctrl_-300s,loser_015,7BNaxx6KdUYrACNQZ9He26NBFoFxujQMAfNLnArLGH5,7GCihgDB8fe6KNjn2MYtkzZcRjQy3t9GHdC8uHYmW2hr,2026-05-22T08:55:00,-300,35667.73,32152.29,139,1.42,True,False,True,24.74
loser_015_ctrl_-120s,loser_015,7BNaxx6KdUYrACNQZ9He26NBFoFxujQMAfNLnArLGH5,7GCihgDB8fe6KNjn2MYtkzZcRjQy3t9GHdC8uHYmW2hr,2026-05-22T08:58:00,-120,46076.92,30941.36,297,2.48,True,True,True,39.13
loser_015_ctrl_-60s,loser_015,7BNaxx6KdUYrACNQZ9He26NBFoFxujQMAfNLnArLGH5,7GCihgDB8fe6KNjn2MYtkzZcRjQy3t9GHdC8uHYmW2hr,2026-05-22T08:59:00,-60,40882.69,13227.37,703,9.38,True,True,False,47.63
loser_016_ctrl_-300s,loser_016,7BNaxx6KdUYrACNQZ9He26NBFoFxujQMAfNLnArLGH5,DezXAZ8z7PnrnRJjz3wXBoRgixCa6xjnB7YaB1pPB263,2026-05-22T09:55:00,-300,83339.38,22070.3,147,6.24,True,False,False,26.05
loser_016_ctrl_-120s,loser_016,7BNaxx6KdUYrACNQZ9He26NBFoFxujQMAfNLnArLGH5,DezXAZ8z7PnrnRJjz3wXBoRgixCa6xjnB7YaB1pPB263,2026-05-22T09:58:00,-120,30074.74,21853.55,615,2.26,True,True,True,59.81
loser_016_ctrl_-60s,loser_016,7BNaxx6KdUYrACNQZ9He26NBFoFxujQMAfNLnArLGH5,DezXAZ8z7PnrnRJjz3wXBoRgixCa6xjnB7YaB1pPB263,2026-05-22T09:59:00,-60,84582.54,11874.03,541,5.04,True,False,False,62.27
loser_017_ctrl_-300s,loser_017,7BNaxx6KdUYrACNQZ9He26NBFoFxujQMAfNLnArLGH5,EKpQGSJtjMFqKZ9KQanSqYXRcF8fBopzLHYxdM65zcjm,2026-05-22T10:55:00,-300,50801.78,33589.97,10,3.86,True,False,False,74.53
loser_017_ctrl_-120s,loser_017,7BNaxx6KdUYrACNQZ9He26NBFoFxujQMAfNLnArLGH5,EKpQGSJtjMFqKZ9KQanSqYXRcF8fBopzLHYxdM65zcjm,2026-05-22T10:58:00,-120,19152.2,5888.06,72,9.33,True,True,False,80.58
loser_017_ctrl_-60s,loser_017,7BNaxx6KdUYrACNQZ9He26NBFoFxujQMAfNLnArLGH5,EKpQGSJtjMFqKZ9KQanSqYXRcF8fBopzLHYxdM65zcjm,2026-05-22T10:59:00,-60,45931.04,27944.64,10,6.37,True,True,True,52.6
loser_018_ctrl_-300s,loser_018,7BNaxx6KdUYrACNQZ9He26NBFoFxujQMAfNLnArLGH5,HbxiDXQxBkMN5vVqTxFxnvNhfPsPJFkKZvKUhfQMhDfG,2026-05-22T11:55:00,-300,39235.52,42304.36,310,9.42,True,False,False,37.8
loser_018_ctrl_-120s,loser_018,7BNaxx6KdUYrACNQZ9He26NBFoFxujQMAfNLnArLGH5,HbxiDXQxBkMN5vVqTxFxnvNhfPsPJFkKZvKUhfQMhDfG,2026-05-22T11:58:00,-120,76383.19,29475.6,19,1.55,True,True,False,74.44
loser_018_ctrl_-60s,loser_018,7BNaxx6KdUYrACNQZ9He26NBFoFxujQMAfNLnArLGH5,HbxiDXQxBkMN5vVqTxFxnvNhfPsPJFkKZvKUhfQMhDfG,2026-05-22T11:59:00,-60,16790.86,40526.23,118,7.0,True,True,False,86.62
loser_019_ctrl_-300s,loser_019,7BNaxx6KdUYrACNQZ9He26NBFoFxujQMAfNLnArLGH5,JUPyiJYAv2vEUvvT39kEXQfnN4oGsGEzrHrMXVM9CLhj,2026-05-22T12:55:00,-300,53202.89,22214.91,10,2.59,False,True,False,20.19
loser_019_ctrl_-120s,loser_019,7BNaxx6KdUYrACNQZ9He26NBFoFxujQMAfNLnArLGH5,JUPyiJYAv2vEUvvT39kEXQfnN4oGsGEzrHrMXVM9CLhj,2026-05-22T12:58:00,-120,22481.55,26821.3,202,4.13,True,True,False,23.64
loser_019_ctrl_-60s,loser_019,7BNaxx6KdUYrACNQZ9He26NBFoFxujQMAfNLnArLGH5,JUPyiJYAv2vEUvvT39kEXQfnN4oGsGEzrHrMXVM9CLhj,2026-05-22T12:59:00,-60,60946.3,18029.51,149,9.82,True,True,True,51.1
loser_020_ctrl_-300s,loser_020,7BNaxx6KdUYrACNQZ9He26NBFoFxujQMAfNLnArLGH5,7GCihgDB8fe6KNjn2MYtkzZcRjQy3t9GHdC8uHYmW2hr,2026-05-22T13:55:00,-300,49416.48,30495.27,321,7.76,False,False,True,64.81
loser_020_ctrl_-120s,loser_020,7BNaxx6KdUYrACNQZ9He26NBFoFxujQMAfNLnArLGH5,7GCihgDB8fe6KNjn2MYtkzZcRjQy3t9GHdC8uHYmW2hr,2026-05-22T13:58:00,-120,30887.93,49343.0,749,2.24,True,True,False,63.74
loser_020_ctrl_-60s,loser_020,7BNaxx6KdUYrACNQZ9He26NBFoFxujQMAfNLnArLGH5,7GCihgDB8fe6KNjn2MYtkzZcRjQy3t9GHdC8uHYmW2hr,2026-05-22T13:59:00,-60,78354.84,41359.46,821,2.68,True,True,False,82.03
loser_021_ctrl_-300s,loser_021,7BNaxx6KdUYrACNQZ9He26NBFoFxujQMAfNLnArLGH5,DezXAZ8z7PnrnRJjz3wXBoRgixCa6xjnB7YaB1pPB263,2026-05-22T14:55:00,-300,54943.51,38430.91,197,4.4,True,True,False,63.14
loser_021_ctrl_-120s,loser_021,7BNaxx6KdUYrACNQZ9He26NBFoFxujQMAfNLnArLGH5,DezXAZ8z7PnrnRJjz3wXBoRgixCa6xjnB7YaB1pPB263,2026-05-22T14:58:00,-120,8070.65,34914.7,60,8.75,True,True,True,24.36
loser_021_ctrl_-60s,loser_021,7BNaxx6KdUYrACNQZ9He26NBFoFxujQMAfNLnArLGH5,DezXAZ8z7PnrnRJjz3wXBoRgixCa6xjnB7YaB1pPB263,2026-05-22T14:59:00,-60,27330.77,36552.21,215,7.79,False,False,True,31.63
loser_022_ctrl_-300s,loser_022,7BNaxx6KdUYrACNQZ9He26NBFoFxujQMAfNLnArLGH5,EKpQGSJtjMFqKZ9KQanSqYXRcF8fBopzLHYxdM65zcjm,2026-05-22T15:55:00,-300,31365.36,23328.2,208,8.62,True,True,False,46.32
loser_022_ctrl_-120s,loser_022,7BNaxx6KdUYrACNQZ9He26NBFoFxujQMAfNLnArLGH5,EKpQGSJtjMFqKZ9KQanSqYXRcF8fBopzLHYxdM65zcjm,2026-05-22T15:58:00,-120,58047.91,40090.92,10,8.83,True,False,False,67.11
loser_022_ctrl_-60s,loser_022,7BNaxx6KdUYrACNQZ9He26NBFoFxujQMAfNLnArLGH5,EKpQGSJtjMFqKZ9KQanSqYXRcF8fBopzLHYxdM65zcjm,2026-05-22T15:59:00,-60,25926.96,47052.29,297,1.07,False,False,True,49.63
loser_023_ctrl_-300s,loser_023,7BNaxx6KdUYrACNQZ9He26NBFoFxujQMAfNLnArLGH5,HbxiDXQxBkMN5vVqTxFxnvNhfPsPJFkKZvKUhfQMhDfG,2026-05-22T16:55:00,-300,82277.3,17925.76,193,9.57,True,False,True,54.2
loser_023_ctrl_-120s,loser_023,7BNaxx6KdUYrACNQZ9He26NBFoFxujQMAfNLnArLGH5,HbxiDXQxBkMN5vVqTxFxnvNhfPsPJFkKZvKUhfQMhDfG,2026-05-22T16:58:00,-120,46124.09,33523.71,18,2.59,False,True,True,76.62
loser_023_ctrl_-60s,loser_023,7BNaxx6KdUYrACNQZ9He26NBFoFxujQMAfNLnArLGH5,HbxiDXQxBkMN5vVqTxFxnvNhfPsPJFkKZvKUhfQMhDfG,2026-05-22T16:59:00,-60,5647.87,7179.56,158,6.04,True,True,False,31.78
loser_024_ctrl_-300s,loser_024,7BNaxx6KdUYrACNQZ9He26NBFoFxujQMAfNLnArLGH5,JUPyiJYAv2vEUvvT39kEXQfnN4oGsGEzrHrMXVM9CLhj,2026-05-22T17:55:00,-300,5085.0,19117.91,400,4.72,True,True,True,52.64
loser_024_ctrl_-120s,loser_024,7BNaxx6KdUYrACNQZ9He26NBFoFxujQMAfNLnArLGH5,JUPyiJYAv2vEUvvT39kEXQfnN4oGsGEzrHrMXVM9CLhj,2026-05-22T17:58:00,-120,15482.87,27419.46,561,6.03,False,True,True,23.91
loser_024_ctrl_-60s,loser_024,7BNaxx6KdUYrACNQZ9He26NBFoFxujQMAfNLnArLGH5,JUPyiJYAv2vEUvvT39kEXQfnN4oGsGEzrHrMXVM9CLhj,2026-05-22T17:59:00,-60,78334.82,29150.43,367,7.33,False,True,True,61.84
loser_025_ctrl_-300s,loser_025,7BNaxx6KdUYrACNQZ9He26NBFoFxujQMAfNLnArLGH5,7GCihgDB8fe6KNjn2MYtkzZcRjQy3t9GHdC8uHYmW2hr,2026-05-22T18:55:00,-300,63481.84,39590.39,336,6.34,False,True,True,57.94
loser_025_ctrl_-120s,loser_025,7BNaxx6KdUYrACNQZ9He26NBFoFxujQMAfNLnArLGH5,7GCihgDB8fe6KNjn2MYtkzZcRjQy3t9GHdC8uHYmW2hr,2026-05-22T18:58:00,-120,58453.61,44818.1,530,4.77,True,False,True,54.74
loser_025_ctrl_-60s,loser_025,7BNaxx6KdUYrACNQZ9He26NBFoFxujQMAfNLnArLGH5,7GCihgDB8fe6KNjn2MYtkzZcRjQy3t9GHdC8uHYmW2hr,2026-05-22T18:59:00,-60,60529.11,26399.77,10,9.73,True,True,False,68.27
loser_026_ctrl_-300s,loser_026,7BNaxx6KdUYrACNQZ9He26NBFoFxujQMAfNLnArLGH5,DezXAZ8z7PnrnRJjz3wXBoRgixCa6xjnB7YaB1pPB263,2026-05-22T19:55:00,-300,24779.62,33191.76,364,6.45,True,False,True,73.25
loser_026_ctrl_-120s,loser_026,7BNaxx6KdUYrACNQZ9He26NBFoFxujQMAfNLnArLGH5,DezXAZ8z7PnrnRJjz3wXBoRgixCa6xjnB7YaB1pPB263,2026-05-22T19:58:00,-120,47735.97,37668.04,10,8.36,False,False,False,89.7
loser_026_ctrl_-60s,loser_026,7BNaxx6KdUYrACNQZ9He26NBFoFxujQMAfNLnArLGH5,DezXAZ8z7PnrnRJjz3wXBoRgixCa6xjnB7YaB1pPB263,2026-05-22T19:59:00,-60,15080.46,5985.98,341,9.62,False,False,True,51.12
loser_027_ctrl_-300s,loser_027,7BNaxx6KdUYrACNQZ9He26NBFoFxujQMAfNLnArLGH5,EKpQGSJtjMFqKZ9KQanSqYXRcF8fBopzLHYxdM65zcjm,2026-05-22T20:55:00,-300,36694.03,29225.96,10,8.0,False,False,True,79.42
loser_027_ctrl_-120s,loser_027,7BNaxx6KdUYrACNQZ9He26NBFoFxujQMAfNLnArLGH5,EKpQGSJtjMFqKZ9KQanSqYXRcF8fBopzLHYxdM65zcjm,2026-05-22T20:58:00,-120,25905.14,45946.35,194,6.67,True,True,False,29.46
loser_027_ctrl_-60s,loser_027,7BNaxx6KdUYrACNQZ9He26NBFoFxujQMAfNLnArLGH5,EKpQGSJtjMFqKZ9KQanSqYXRcF8fBopzLHYxdM65zcjm,2026-05-22T20:59:00,-60,23152.53,47602.99,239,1.26,True,True,True,63.62
loser_028_ctrl_-300s,loser_028,7BNaxx6KdUYrACNQZ9He26NBFoFxujQMAfNLnArLGH5,HbxiDXQxBkMN5vVqTxFxnvNhfPsPJFkKZvKUhfQMhDfG,2026-05-22T21:55:00,-300,84790.51,39588.76,110,4.46,False,True,False,33.68
loser_028_ctrl_-120s,loser_028,7BNaxx6KdUYrACNQZ9He26NBFoFxujQMAfNLnArLGH5,HbxiDXQxBkMN5vVqTxFxnvNhfPsPJFkKZvKUhfQMhDfG,2026-05-22T21:58:00,-120,18000.45,23286.77,10,7.69,True,True,False,78.12
loser_028_ctrl_-60s,loser_028,7BNaxx6KdUYrACNQZ9He26NBFoFxujQMAfNLnArLGH5,HbxiDXQxBkMN5vVqTxFxnvNhfPsPJFkKZvKUhfQMhDfG,2026-05-22T21:59:00,-60,48616.23,2200.1,652,5.42,True,False,False,61.32
loser_029_ctrl_-300s,loser_029,7BNaxx6KdUYrACNQZ9He26NBFoFxujQMAfNLnArLGH5,JUPyiJYAv2vEUvvT39kEXQfnN4oGsGEzrHrMXVM9CLhj,2026-05-22T22:55:00,-300,56915.55,17807.61,178,4.64,True,True,False,56.77
loser_029_ctrl_-120s,loser_029,7BNaxx6KdUYrACNQZ9He26NBFoFxujQMAfNLnArLGH5,JUPyiJYAv2vEUvvT39kEXQfnN4oGsGEzrHrMXVM9CLhj,2026-05-22T22:58:00,-120,59406.67,31517.94,162,7.36,True,True,True,29.65
loser_029_ctrl_-60s,loser_029,7BNaxx6KdUYrACNQZ9He26NBFoFxujQMAfNLnArLGH5,JUPyiJYAv2vEUvvT39kEXQfnN4oGsGEzrHrMXVM9CLhj,2026-05-22T22:59:00,-60,59447.08,8971.49,711,4.73,False,False,True,22.45
