tx_signature,timestamp,slot,wallet_address,mint,side,amount_in,amount_out,price_usd,market_cap_usd,liquidity_usd,volume_velocity_tps,token_age_seconds,mint_authority_revoked,freeze_authority_revoked,lp_locked,top10_holders_percent,pool_address,jupiter_route,priority_fee_lamports,jito_tip_lamports,parser_confidence
bxfY1tFxsQDfEp5wbfsWW1vfh4atFx4X9afoQxai8DxELBC5Vqe3E9iHr3jH6wwCUV9vK35rraAbxHjVkwzQdLCy,2026-05-20T12:00:00,250000000,7BNaxx6KdUYrACNQZ9He26NBFoFxujQMAfNLnArLGH5,JUPyiJYAv2vEUvvT39kEXQfnN4oGsGEzrHrMXVM9CLhj,sell,8.068964,7.725706,1.04443063,24326.59,12422.55,4.13,253,True,False,True,42.4,Pool558B4562A3B4F27B181EA71FCAA54E75,direct,23205,36990,0.899
jMGRJXUty1zYbGzmV3Xf9VenAUuYUrpQ38aDcxoQ5XZ1kNm1kdupJRA4yZW7s5UppwCm3ZR5aPoHQMGoM3ZoX41a,2026-05-20T12:00:30,250000001,7BNaxx6KdUYrACNQZ9He26NBFoFxujQMAfNLnArLGH5,JUPyiJYAv2vEUvvT39kEXQfnN4oGsGEzrHrMXVM9CLhj,buy,0.867006,0.837011,0.96540393,23460.15,48985.04,7.1,732,True,False,True,23.8,Pool7CD47F7664994D76BD6641A3D39BF8EA,direct,27741,9283,0.92
TZ26fR3miv2dLBu7RMZQWhfJip4YyJPpUc3UgjzE5iHqfedW2KteGHvvHXsEo7rpTbvuHvt8VFjZeb6TAT9zno79,2026-05-20T12:01:00,250000002,7BNaxx6KdUYrACNQZ9He26NBFoFxujQMAfNLnArLGH5,JUPyiJYAv2vEUvvT39kEXQfnN4oGsGEzrHrMXVM9CLhj,buy,3.357802,3.381473,1.00704955,37530.18,42338.57,1.79,875,True,True,False,35.11,PoolA64F9B339B4722F179E15BDA6BB4F165,multi-hop,21620,19345,0.99
K9AcGzVfoVteYeMRQ3WXxWggV8bdjfVRZtBAvdioGQmCmLN6kDbp5UK3DNkK9fgwLbZhbg3Jhnk613vF2B9GuALz,2026-05-20T12:01:30,250000003,7BNaxx6KdUYrACNQZ9He26NBFoFxujQMAfNLnArLGH5,7GCihgDB8fe6KNjn2MYtkzZcRjQy3t9GHdC8uHYmW2hr,sell,3.385783,3.300449,1.02585527,9332.28,14063.77,8.61,629,True,True,False,22.78,PoolE97CF58EB8B7893899B86235BD8C3E75,direct,84426,25931,0.947
XfQquZ5b89LHGbCK8QSRt1ctqq9HpW1TTrrwMyLD9KPPC9o5a4PKH3KoaGcYbsjXEJ2WJfZZ2H4uoETUbaEHupmU,2026-05-20T12:02:00,250000004,7BNaxx6KdUYrACNQZ9He26NBFoFxujQMAfNLnArLGH5,JUPyiJYAv2vEUvvT39kEXQfnN4oGsGEzrHrMXVM9CLhj,sell,6.072779,5.907307,1.02801141,20987.15,26105.16,6.04,411,True,True,True,46.39,Pool4231FAE51B56B49D31B1D79C683F9FB3,direct,74746,857,0.93
iPTYCcazSAsVJfTB9KeLVBwKctLj8u243HTEz9Q1hNjoh7ggD3VRq3wbTXKLPUVPE37uBaF5EqVkYatagJZx67mK,2026-05-20T12:02:30,250000005,7BNaxx6KdUYrACNQZ9He26NBFoFxujQMAfNLnArLGH5,DezXAZ8z7PnrnRJjz3wXBoRgixCa6xjnB7YaB1pPB263,sell,3.795652,3.646883,1.04079347,43872.06,30320.64,4.84,603,True,True,True,22.58,PoolCEA48BAC4CE1767B2391ACC768F1C73A,direct,5328,35441,0.87
Qs1BPm4KAkXmieywdjcuJJxc2fqZGUi5JBmsvH3upaxqRYj8qy1w4mVfSnVvwvEn4euige2TFtXiscDZTdAQpgg9,2026-05-20T12:03:00,250000006,7BNaxx6KdUYrACNQZ9He26NBFoFxujQMAfNLnArLGH5,JUPyiJYAv2vEUvvT39kEXQfnN4oGsGEzrHrMXVM9CLhj,sell,1.57921,1.634382,0.9662429,83524.57,5603.59,1.36,467,True,True,False,51.46,Pool9A78198DA85DD35E93FCB8C6A5ACD961,direct,87278,2719,0.939
iCiUWZAznXywFipNKxNeF5RNLgGBDDUxq6d7o651XesPLzKNChL4q4yAABn2G1MfrQVFYshCJU5YU89T97CqdAgg,2026-05-20T12:03:30,250000007,7BNaxx6KdUYrACNQZ9He26NBFoFxujQMAfNLnArLGH5,EKpQGSJtjMFqKZ9KQanSqYXRcF8fBopzLHYxdM65zcjm,buy,6.250749,6.405328,1.02472968,20886.28,29857.07,5.03,455,True,True,True,38.73,Pool226419272D4782EDAAFA457175265A81,direct,76999,43144,0.972
EdarXBBFBzzptrZWkqewvAvDxvYgi8ZfqUaKHyREn8a1jH4kfGXARhcr7nTxm49Muj15fV7adozn3hMvnAqsTfFc,2026-05-20T12:04:00,250000008,7BNaxx6KdUYrACNQZ9He26NBFoFxujQMAfNLnArLGH5,JUPyiJYAv2vEUvvT39kEXQfnN4oGsGEzrHrMXVM9CLhj,buy,1.272777,1.276586,1.00299267,21070.43,48975.87,2.77,460,True,True,True,67.68,PoolC47857B68C73D68DC696CDE2E7BEAF7D,multi-hop,65740,36046,0.9
hkb47SobdyKL1dZpv9W3uNYskSY6M6Z7Foes4wkbDtx2UsAUYWS8t42F39NKVWRgeLqXyTaRZHTewT9G49KkWiPa,2026-05-20T12:04:30,250000009,7BNaxx6KdUYrACNQZ9He26NBFoFxujQMAfNLnArLGH5,7GCihgDB8fe6KNjn2MYtkzZcRjQy3t9GHdC8uHYmW2hr,sell,1.192542,1.180432,1.01025896,51318.04,7912.73,4.83,495,False,False,False,70.68,PoolB93E31BD52DFFAE57ECA6EF6FD11E68D,direct,91807,2171,0.914
x8ta8vkQetZJXaxxmf7zRqZmJBbhXMm4UK6GYH9EhBTTkkUaTpZWeYQpPXkJtUZnocqs2ivtgCTqnuARgA6EURTC,2026-05-20T12:05:00,250000010,7BNaxx6KdUYrACNQZ9He26NBFoFxujQMAfNLnArLGH5,JUPyiJYAv2vEUvvT39kEXQfnN4oGsGEzrHrMXVM9CLhj,buy,7.506736,7.687434,1.02407145,10198.92,48074.4,8.0,286,True,False,True,38.74,Pool17DC946AC19DE364A95EF717A86AB9D8,multi-hop,70725,21294,0.855
PEtV5V1NtsQHJvB77wy9itmWox438PJdBVJnkXJsLbknh854obe8JLPvgKRLAFw29W69V7jmGY1pdjySqLkFYpVz,2026-05-20T12:05:30,250000011,7BNaxx6KdUYrACNQZ9He26NBFoFxujQMAfNLnArLGH5,7GCihgDB8fe6KNjn2MYtkzZcRjQy3t9GHdC8uHYmW2hr,buy,6.09523,6.122783,1.00452042,35026.31,19210.35,1.63,529,False,False,False,42.15,PoolAD7D45461E39F8B77A29C4B2FB37E2FF,direct,85706,49,0.89
RcTPVEBBWarT4MSzzoXjSg3JZpy63mVumGQwzVRoaq4ZypbpHVsVbMnqq7ptqUvzjH6JhSSUth1cH5cNBHhYtedi,2026-05-20T12:06:00,250000012,7BNaxx6KdUYrACNQZ9He26NBFoFxujQMAfNLnArLGH5,JUPyiJYAv2vEUvvT39kEXQfnN4oGsGEzrHrMXVM9CLhj,sell,3.815346,3.842921,0.99282447,17205.75,26059.08,7.68,844,True,False,True,74.78,Pool7BA9D83797612E841D3DF7C6ECC1D3DE,direct,82515,36041,0.993
CBBW4rAJnwXTX7Pm4Ubk9ZL8WGGkQx25LPPee2ZXYLJ7oXJXMhXzYEQyoEthzu3aPLKg591vhFQ2fySCDCNNxSnT,2026-05-20T12:06:30,250000013,7BNaxx6KdUYrACNQZ9He26NBFoFxujQMAfNLnArLGH5,HbxiDXQxBkMN5vVqTxFxnvNhfPsPJFkKZvKUhfQMhDfG,buy,7.06692,7.028969,0.99462977,42242.96,36685.48,5.17,782,False,True,False,33.11,PoolAB76BEA6AB48168A55EF75CA7C942937,direct,50099,1903,0.985
ZtG3rzjr2rnC7GpCR84LJGMQvkFqjz5YRh3RfETre89Jka848CNE5VYhn6iRSpNPHnidfWT43NffPyQoK3TgFHsH,2026-05-20T12:07:00,250000014,7BNaxx6KdUYrACNQZ9He26NBFoFxujQMAfNLnArLGH5,DezXAZ8z7PnrnRJjz3wXBoRgixCa6xjnB7YaB1pPB263,sell,9.549626,9.692917,0.98521694,34112.45,31415.45,3.27,295,True,True,False,39.43,Pool194FFE391948792819FE1F3CB654A415,direct,90388,27095,0.92
Ef6YRYhLbzNV7j8NHd3rtVPS9DRuBXuATNtqZYEhMQKFfXmhMdmuJS2VxtVTYvEr9xa9VbHFXr8wR9YPLjmwf6go,2026-05-20T12:07:30,250000015,7BNaxx6KdUYrACNQZ9He26NBFoFxujQMAfNLnArLGH5,JUPyiJYAv2vEUvvT39kEXQfnN4oGsGEzrHrMXVM9CLhj,buy,0.999363,0.953655,0.95426287,77235.05,22733.19,4.5,42,False,False,True,63.08,Pool863BF92F1DFE6857A7315C25D1EFBCD1,direct,59964,12895,0.953
JH9UUM8dDtfyMz4ShbzJpHy6QqpASm8VCyP7CHC9YyfonnRnitWfmtLLd8e59DjsQaHBNtvozogx4yzEKxra11eW,2026-05-20T12:08:00,250000016,7BNaxx6KdUYrACNQZ9He26NBFoFxujQMAfNLnArLGH5,7GCihgDB8fe6KNjn2MYtkzZcRjQy3t9GHdC8uHYmW2hr,sell,0.725189,0.702233,1.03269,46298.68,5131.3,9.45,210,True,True,True,26.46,Pool77FAB7F657BF34BF2148E379EDE2BA34,direct,24944,10814,0.851
M8mHVA2JQMmbC7TQHTX1YSSVVBSgeRKgC5rsJQm9jGtRfJ9y38jC6BES4WzXtUwC6cQGJruS4nkdPjUXYGJuQQN3,2026-05-20T12:08:30,250000017,7BNaxx6KdUYrACNQZ9He26NBFoFxujQMAfNLnArLGH5,JUPyiJYAv2vEUvvT39kEXQfnN4oGsGEzrHrMXVM9CLhj,buy,0.613142,0.614319,1.00191962,45151.73,14960.64,4.34,813,True,True,True,57.53,PoolEA374C13563979AE9CD8187DF324BC67,direct,45657,39272,0.872
77v3wwk6ZmtdHVc8nSPknyozhZdixikrNkcLyKoJkmR6vWRmLzN29TG6GcT2fCNvxUzBYUiQXKVQNGFXHjhNyTAe,2026-05-20T12:09:00,250000018,7BNaxx6KdUYrACNQZ9He26NBFoFxujQMAfNLnArLGH5,HbxiDXQxBkMN5vVqTxFxnvNhfPsPJFkKZvKUhfQMhDfG,sell,9.323757,8.977924,1.03852038,31507.68,14202.52,9.96,801,True,True,True,20.18,Pool1A2F8CF25174DA2429AC222B16C4EF2E,direct,4196,34629,0.857
TVo6BBtiiZvkuF6vXqiJ4z8npSG6tfRPS8TAZtLQXUHnwQiaCA4Ud765bYWjPNgoECwquFeuHcr8D7emmsPrKNw4,2026-05-20T12:09:30,250000019,7BNaxx6KdUYrACNQZ9He26NBFoFxujQMAfNLnArLGH5,JUPyiJYAv2vEUvvT39kEXQfnN4oGsGEzrHrMXVM9CLhj,sell,8.070755,7.845021,1.02877417,31142.85,37166.78,7.74,864,True,True,False,24.07,Pool2A8199271E4A84D8F3B1156B5D8E8997,multi-hop,21760,46619,0.936
rjvQE4VULMUH5cDZnPiJUuVqUg9fpRd9tLZfUA2mC8AJ1q25rDVwJGm3KynkHXiNDvR6h7QjW6fRaXyFBTfH1YQv,2026-05-20T12:10:00,250000020,7BNaxx6KdUYrACNQZ9He26NBFoFxujQMAfNLnArLGH5,HbxiDXQxBkMN5vVqTxFxnvNhfPsPJFkKZvKUhfQMhDfG,sell,9.042158,9.324851,0.96968391,54187.51,40063.18,8.17,592,True,False,True,76.13,Pool6A9B3E19FF3CC7AFE8F49D1837E31FDE,direct,45538,16567,0.898
31H2bpJH8tt5NT67c3B3mQgGv2oT3wNhjVRVQ9hw5MwHHByyuUHaj84m8Mb2tGUz5NzTRdcdwRU5nR9yxfwHywKP,2026-05-20T12:10:30,250000021,7BNaxx6KdUYrACNQZ9He26NBFoFxujQMAfNLnArLGH5,HbxiDXQxBkMN5vVqTxFxnvNhfPsPJFkKZvKUhfQMhDfG,buy,0.945031,0.980056,1.03706228,12640.39,37344.23,2.04,762,True,True,True,62.79,Pool6FC5F3D8A49A4C2238A79FB64F85AAB2,direct,81689,6244,0.913
1ufRjAL2qptQPfQ6mKznKpFNPAjupJeDETbdRSKgkKMS8ZnZAokgvR7qs2Y6d6AGzpWHqSkT4gVf2AGBokHsEjag,2026-05-20T12:11:00,250000022,7BNaxx6KdUYrACNQZ9He26NBFoFxujQMAfNLnArLGH5,EKpQGSJtjMFqKZ9KQanSqYXRcF8fBopzLHYxdM65zcjm,sell,2.969812,3.099089,0.95828548,16553.64,49658.66,6.94,738,True,True,False,66.52,PoolF2B999DDAA75A6DF83C8415D29C8E119,direct,83180,43079,0.928
4hGkKUe2AmZsfPmM8JhveX8ciMZC8PdFVHrTC1poC78UqW1aFDu1LFMLMCWWctPCgKfjusP9FJq1x79Zvqu7437p,2026-05-20T12:11:30,250000023,7BNaxx6KdUYrACNQZ9He26NBFoFxujQMAfNLnArLGH5,JUPyiJYAv2vEUvvT39kEXQfnN4oGsGEzrHrMXVM9CLhj,sell,3.482867,3.345602,1.04102849,45771.38,37582.18,8.79,412,True,True,True,37.45,PoolC33A318185311D96EAECB5F179554E36,direct,3613,42050,0.851
bcLancMyZWRaygSp7yjHVtM6peWevwPQ6ZqyzR4HYsBZfvVGVtowzYiGrajrg2Ki3vS11NZR7EwhE73ZHwuCaVqo,2026-05-20T12:12:00,250000024,7BNaxx6KdUYrACNQZ9He26NBFoFxujQMAfNLnArLGH5,7GCihgDB8fe6KNjn2MYtkzZcRjQy3t9GHdC8uHYmW2hr,buy,2.937828,2.931703,0.99791513,69169.04,35050.62,7.06,96,False,True,True,77.75,PoolF74F1922954F3EE5AEB566C512873B1C,direct,17096,3477,0.932
cq7zYk5PV6pTQT9oEFq3Ddnn3aRy9FxyiGXhQit8YmaW1FtfmdUxvUG4Rkz7cLwCFBPweuS9wazYJHsVbdWxnNC6,2026-05-20T12:12:30,250000025,7BNaxx6KdUYrACNQZ9He26NBFoFxujQMAfNLnArLGH5,HbxiDXQxBkMN5vVqTxFxnvNhfPsPJFkKZvKUhfQMhDfG,buy,9.493439,9.367198,0.98670229,29432.23,20892.93,7.2,225,True,False,True,66.79,PoolCC6E39632FBDC4B847413E2B3A7352F5,multi-hop,46862,26915,0.948
SSQBYb1VVTwGTUois6DT9m3gJeavaGC63N85U41EF7hfEauVooVMgaZ4Tg55afvFdy7gwjSvDVENyEWtFAgXrWVi,2026-05-20T12:13:00,250000026,7BNaxx6KdUYrACNQZ9He26NBFoFxujQMAfNLnArLGH5,HbxiDXQxBkMN5vVqTxFxnvNhfPsPJFkKZvKUhfQMhDfG,sell,6.696511,6.722961,0.99606572,42420.48,14737.66,4.19,829,False,True,True,59.85,Pool846C943F5468BBAAABB32F2456E178CC,direct,6770,2246,0.89
DrREeTiMmQX4yvYBDpU6Vg2knj3JHG1ULHknKXAjqxWF4Bn7AeGz6BzaeuJSSAqYZMUxsmrzQiCAaRuCARx91bL7,2026-05-20T12:13:30,250000027,7BNaxx6KdUYrACNQZ9He26NBFoFxujQMAfNLnArLGH5,HbxiDXQxBkMN5vVqTxFxnvNhfPsPJFkKZvKUhfQMhDfG,buy,4.854761,4.661084,0.96010576,31358.18,39787.55,6.67,668,False,True,True,44.61,Pool9C8C836CAE9F39B5C433C6E73AA5EB44,direct,86316,41798,0.874
KUaXfVvsQQonwixBc4NzdpFNAM3LFDG6i2cLbqobpMZvkZszf7hfdB9CftK3BQMrrRFx3tVaGppbo9bfD3t5gx8q,2026-05-20T12:14:00,250000028,7BNaxx6KdUYrACNQZ9He26NBFoFxujQMAfNLnArLGH5,7GCihgDB8fe6KNjn2MYtkzZcRjQy3t9GHdC8uHYmW2hr,buy,0.482058,0.468781,0.97245767,62454.83,30373.24,9.98,283,True,True,True,27.11,Pool7E299F3ADAA5C3F373C46B2267CBDC45,direct,42755,47394,0.882
VS2sPhbR3JZAYRLbG1nkXDJRR7pnRdDW7ivHj7Deg53VSWtFcGJi4okkr2gi2HWrbSLq2JdpUFwMWgXRoANHVMyi,2026-05-20T12:14:30,250000029,7BNaxx6KdUYrACNQZ9He26NBFoFxujQMAfNLnArLGH5,HbxiDXQxBkMN5vVqTxFxnvNhfPsPJFkKZvKUhfQMhDfG,sell,9.612086,9.543872,1.00714741,50280.02,8081.14,1.62,567,True,True,True,43.36,PoolE8AADF979BD6DD145AC825786B8F5CFC,direct,9404,37557,0.984
SiHZMBskHv6iAT72KYKP8obYSyVbTZE9QjcFEvYvCkjDmUqvxy15QjUtzXhzTq4hLJdMptp1Wjcaa5KEoDN5yoeq,2026-05-20T12:15:00,250000030,7BNaxx6KdUYrACNQZ9He26NBFoFxujQMAfNLnArLGH5,7GCihgDB8fe6KNjn2MYtkzZcRjQy3t9GHdC8uHYmW2hr,buy,5.519484,5.252331,0.95159819,68956.81,8437.91,8.91,710,True,True,True,48.25,PoolDC86BBDF7DA85D396BF78491FCAF295C,direct,81027,39285,0.976
6wQ2eUWnth82zbNVbR1RaBKWSSkjGC6VzPRJoBsK5WQ5XtC31AfrEi3eRd7VoS3G2mJXpvB4Hn82QqTTgAwiEDAV,2026-05-20T12:15:30,250000031,7BNaxx6KdUYrACNQZ9He26NBFoFxujQMAfNLnArLGH5,HbxiDXQxBkMN5vVqTxFxnvNhfPsPJFkKZvKUhfQMhDfG,sell,5.121313,5.075637,1.00899907,18178.81,10231.43,5.04,604,False,False,False,32.32,PoolF718E5B796ADC1B5E4869E2D871B232C,direct,58139,2259,0.946
3DjXHYSkKX9JTfKEsMMxd1aXFn8KvjuGCb2ESrtMYG4RhSErg1TvTY9j5PMG4ZTn12nA3Fhh75uN4HVbbKfLNpMf,2026-05-20T12:16:00,250000032,7BNaxx6KdUYrACNQZ9He26NBFoFxujQMAfNLnArLGH5,HbxiDXQxBkMN5vVqTxFxnvNhfPsPJFkKZvKUhfQMhDfG,buy,0.759493,0.750409,0.98803939,30235.7,40290.75,8.43,579,True,True,True,75.54,PoolD26495FBA1217CD429E5BD3C13921B25,direct,85472,26840,0.861
5QtvVTGUrP7MWjrqZkyC342NPgdctjcokMqJLkTc18yaDRvrW4Ex55GDUYS4RZk337F7ZGDPT1MCH77GPNGaN6nn,2026-05-20T12:16:30,250000033,7BNaxx6KdUYrACNQZ9He26NBFoFxujQMAfNLnArLGH5,HbxiDXQxBkMN5vVqTxFxnvNhfPsPJFkKZvKUhfQMhDfG,buy,6.65837,6.500899,0.97634992,52070.97,21138.29,8.76,499,False,True,True,71.51,PoolEF74517B583CB2826DFCC57B5A25DB45,direct,26050,39006,0.947
K7GDsKUt1fyUpULSeySdgbZ5UDGrPW1Gu8Dc4jdueTPhrLgnJaKFRYUBy5veU1SXt3pw1g8GwA6dDe2PW5LDNPb5,2026-05-20T12:17:00,250000034,7BNaxx6KdUYrACNQZ9He26NBFoFxujQMAfNLnArLGH5,7GCihgDB8fe6KNjn2MYtkzZcRjQy3t9GHdC8uHYmW2hr,buy,9.654021,9.391097,0.97276534,26912.3,37422.85,4.16,856,True,True,True,68.92,PoolB58B4C5A7885EAAADDCEF4911299C326,direct,11487,35400,0.866
apRUigkJT7EEvWjrPzeRD1SNTytSynfLC2sM42tjMNWTF1so89y9QFx2iAqAk9q8f2xG1z8RFTH4hgTmkMVY6g8f,2026-05-20T12:17:30,250000035,7BNaxx6KdUYrACNQZ9He26NBFoFxujQMAfNLnArLGH5,HbxiDXQxBkMN5vVqTxFxnvNhfPsPJFkKZvKUhfQMhDfG,sell,1.107367,1.137011,0.97392813,23349.06,42933.16,9.15,780,True,False,False,66.13,Pool34F75347CE644996B555C41723FE3A6D,direct,96868,2285,0.938
LBNh8J6LapGryce74z13LrsmKrnTMbxgCtLQXBh4aa3ctUZSmwCPDvREuqqgULkDRf8qomAKx1dD2aA84awQaHvP,2026-05-20T12:18:00,250000036,7BNaxx6KdUYrACNQZ9He26NBFoFxujQMAfNLnArLGH5,7GCihgDB8fe6KNjn2MYtkzZcRjQy3t9GHdC8uHYmW2hr,buy,3.730356,3.820258,1.02410011,78054.15,9583.89,9.9,435,True,True,True,70.23,PoolFB7485581DE912244D3D3A4ED886451A,direct,66129,40591,0.857
GnUisuEs52v3Gz2uFQcE6yFJ6eZPN3T4LYMDxm1jsQYSDb7Hp3FcD89nWWmY3FWztDQGJDgqCbkJKSUhoXPCkrRQ,2026-05-20T12:18:30,250000037,7BNaxx6KdUYrACNQZ9He26NBFoFxujQMAfNLnArLGH5,EKpQGSJtjMFqKZ9KQanSqYXRcF8fBopzLHYxdM65zcjm,sell,6.621817,6.844718,0.9674346,69858.3,15677.18,7.42,776,True,True,True,69.98,PoolC4FE6D9BE1E9ADAFC4D439543D912A3D,direct,41762,22599,0.988
5xoTsUZNuNwgFjFaJPqNN8AEcatrmqwEpUvDpyiwQH99d5LMP82rhpY4YrAzdYXKRrUqD2459W7UAf44CF4pEfbC,2026-05-20T12:19:00,250000038,7BNaxx6KdUYrACNQZ9He26NBFoFxujQMAfNLnArLGH5,7GCihgDB8fe6KNjn2MYtkzZcRjQy3t9GHdC8uHYmW2hr,sell,1.3675,1.397661,0.97842038,56627.77,21378.78,6.11,337,False,False,False,57.72,Pool482CA73A7E55D671B58FC12BAB3FD3FD,multi-hop,93707,39789,0.985
26qZWTSQ48B1hRt9b24ww8vQfPcRxmgEKjtgWaMYYhMMBVviQEWFMvcTYu755u53iPxzD2y7dtjbyJgYXjFcqyE7,2026-05-20T12:19:30,250000039,7BNaxx6KdUYrACNQZ9He26NBFoFxujQMAfNLnArLGH5,JUPyiJYAv2vEUvvT39kEXQfnN4oGsGEzrHrMXVM9CLhj,buy,3.150297,3.129091,0.99326857,58452.66,20708.61,9.07,669,True,False,True,41.65,PoolDF348A8B8AAC969B992DE7BE7A6E15CE,direct,94552,34086,0.926
EnKFDmDBk3T2wWikcTCuex6sLiCj63E6h6TwVcYCWDYa1uTQKUz1AGfsASn6RLzhugXBS4fUUx1V76qEWWxemFWc,2026-05-20T12:20:00,250000040,7BNaxx6KdUYrACNQZ9He26NBFoFxujQMAfNLnArLGH5,JUPyiJYAv2vEUvvT39kEXQfnN4oGsGEzrHrMXVM9CLhj,sell,2.29602,2.204996,1.0412808,63284.06,42704.44,3.87,403,False,True,True,56.0,PoolE38164F5335118EA583B3F4DA211EECC,direct,60365,41423,0.951
SV8YdKDTQeoTFcyRFQa5DLDikapS1Qvz2TjRwVvcm8ZCKJaBu2eWtY3Ngser2wtgqi4MpeS6fPfn6MyXDjfd699t,2026-05-20T12:20:30,250000041,7BNaxx6KdUYrACNQZ9He26NBFoFxujQMAfNLnArLGH5,DezXAZ8z7PnrnRJjz3wXBoRgixCa6xjnB7YaB1pPB263,sell,2.873294,2.798029,1.02689929,33178.82,7853.89,4.28,429,True,True,True,63.27,Pool68528A1D8E5C9A94518487B2E67968AC,direct,14486,33220,0.925
BL7FcrGSEAHvD7cQHN4vvMPWPkNeWEP63cS7brsykFsLXpRAPjPLZC3fS5qB8abTnvQFNpBfCusU6e8TJLkP3pGE,2026-05-20T12:21:00,250000042,7BNaxx6KdUYrACNQZ9He26NBFoFxujQMAfNLnArLGH5,DezXAZ8z7PnrnRJjz3wXBoRgixCa6xjnB7YaB1pPB263,sell,0.732224,0.700835,1.044788,53157.18,38313.03,8.91,761,False,False,True,53.79,PoolEEA2836B23145B52EDB51EC6953C319B,direct,68337,47558,0.896
1z8VjhxigqqXcuARew7JWnLprhS9GdsFLVnYQSNMbFD3mcJxNhsSXn4jcBUFax73vMZwdxekYZPrrPWgUp6JshNm,2026-05-20T12:21:30,250000043,7BNaxx6KdUYrACNQZ9He26NBFoFxujQMAfNLnArLGH5,7GCihgDB8fe6KNjn2MYtkzZcRjQy3t9GHdC8uHYmW2hr,sell,8.408105,8.408466,0.99995707,67793.07,22974.93,2.2,150,True,False,True,27.15,PoolA887662B477171D21BF324941EB998C1,direct,82922,11968,0.886
i1gC9yFVoLgGYUxB4RuMrF9hm1DVr6umWGsU1xcrxvtKK1SJdLkNaLj4tqAk2t3EcUSEe9dc6jtBjKHcu4REv4iW,2026-05-20T12:22:00,250000044,7BNaxx6KdUYrACNQZ9He26NBFoFxujQMAfNLnArLGH5,HbxiDXQxBkMN5vVqTxFxnvNhfPsPJFkKZvKUhfQMhDfG,sell,1.333287,1.37333,0.9708424,49085.33,10905.14,5.81,45,True,True,False,60.78,Pool8B88EDE672B2A9592CD5B854CC4B3DD5,direct,62480,30708,0.932
T3Boy3bmAYdGPDaxNRHk4k55DhwYPnAJuc7Lb14u1vufxr7MKNxDjYGqGWtKkf6nmMKgwD73ffUS9rKw1o2SeTW5,2026-05-20T12:22:30,250000045,7BNaxx6KdUYrACNQZ9He26NBFoFxujQMAfNLnArLGH5,DezXAZ8z7PnrnRJjz3wXBoRgixCa6xjnB7YaB1pPB263,sell,5.195356,5.433277,0.9562104,26965.32,30700.16,2.38,783,True,True,True,77.34,PoolC8B5F6D6143A87C5DB9B8217213E3853,multi-hop,14843,44128,0.895
JmN6RroT5EDdtsATu6bythNCxnuRjSH6xQVj5oZpqbKgFXwmQnMtgpPMpiNARi3H1ZBUeNKR9yPK63Q4yFDExtFN,2026-05-20T12:23:00,250000046,7BNaxx6KdUYrACNQZ9He26NBFoFxujQMAfNLnArLGH5,DezXAZ8z7PnrnRJjz3wXBoRgixCa6xjnB7YaB1pPB263,buy,2.769719,2.781931,1.00440911,79684.57,3944.94,8.39,552,True,True,True,61.27,Pool7A1C87C2ADF5A321BBBC7892965F3A98,direct,20979,36901,0.854
gLQoanPYxN5gaMCfefmVkt5sZ9cgrMwvdZmuozFueEKcRzePvoydiXxLeSGokeAGvTU4yRzjDjW36iGjKWfquugd,2026-05-20T12:23:30,250000047,7BNaxx6KdUYrACNQZ9He26NBFoFxujQMAfNLnArLGH5,DezXAZ8z7PnrnRJjz3wXBoRgixCa6xjnB7YaB1pPB263,buy,3.889668,4.032563,1.03673707,48012.77,29480.85,6.69,103,True,False,True,39.38,PoolC474E1D63778EF65597C97F4893388FB,direct,6729,34783,0.973
WSrnSpUPQF5fGFFLhWkXcLzotuk6YkrJYqPNEMCsX8qKdb2Xm9nrZzp2FrShPMZUgnDNZNU3fHC2T8e14CBLPiPd,2026-05-20T12:24:00,250000048,7BNaxx6KdUYrACNQZ9He26NBFoFxujQMAfNLnArLGH5,DezXAZ8z7PnrnRJjz3wXBoRgixCa6xjnB7YaB1pPB263,buy,2.208826,2.147774,0.97235998,56941.45,38686.06,4.6,515,True,True,False,29.57,Pool27DDD5113672AC32873B3D96BA7C4B2D,direct,63914,43292,0.954
ZsGRWGgZQcgkkSC2LL16Jsw3tpzVJoYjBnS8wntrgep9YFbJzZEQtYn3KXK5tD2fnGF9j4NWW47aMF5RPz6C7Sy1,2026-05-20T12:24:30,250000049,7BNaxx6KdUYrACNQZ9He26NBFoFxujQMAfNLnArLGH5,7GCihgDB8fe6KNjn2MYtkzZcRjQy3t9GHdC8uHYmW2hr,sell,7.508639,7.396696,1.01513419,81581.42,46986.41,6.07,736,True,True,False,70.09,Pool92D5A16F9C8767272C68FE5EEEE79651,direct,35912,12267,0.854
6m55HKnpnCR3F3y5ikFCq5mqvE3qrcaSuRxr5kxYwQZc4mt5GFvn7T57jCA2Sfja2ykV76hSCwodarmXyfL4sKKo,2026-05-20T12:25:00,250000050,7BNaxx6KdUYrACNQZ9He26NBFoFxujQMAfNLnArLGH5,HbxiDXQxBkMN5vVqTxFxnvNhfPsPJFkKZvKUhfQMhDfG,sell,2.118423,2.01748,1.0500342,79366.45,47099.77,7.94,767,True,False,False,46.63,PoolD62C344E7A112DFA792B5E2812BA252D,direct,54737,33134,0.973
xYFQXjRBNtM77WgnmrpUqAUrGVHntNso5A8rWVsy49LYMHaUCz9CmVhMihBBrQXdjGvRYPPeQU3krDcb6q3VJfcH,2026-05-20T12:25:30,250000051,7BNaxx6KdUYrACNQZ9He26NBFoFxujQMAfNLnArLGH5,JUPyiJYAv2vEUvvT39kEXQfnN4oGsGEzrHrMXVM9CLhj,buy,6.160654,6.265129,1.01695843,48967.36,7339.35,8.84,555,True,True,True,43.04,Pool95C6679FA9C27123FB52FCEEC44BDAC4,direct,40745,31484,0.919
AaC1qaoraoDt419MYWsDYMh2Zddq77615WyRo9tfvyBY4sLFpJQNXH3taAJg1nNb59APVDxtu3RZqwRSiDuvkzgg,2026-05-20T12:26:00,250000052,7BNaxx6KdUYrACNQZ9He26NBFoFxujQMAfNLnArLGH5,EKpQGSJtjMFqKZ9KQanSqYXRcF8fBopzLHYxdM65zcjm,sell,9.197482,9.214623,0.9981398,36613.56,47360.67,8.46,421,True,True,True,62.01,Pool9FBB28F93F6228734D6BE762F56EB2C7,direct,49736,20996,0.898
W1enyRu6ZMmEbVDhV82gZ69pgGAVK4oob1h9U2JRW7Mc3ZY2VAMJVTFaqEfdUAFELTuEqV9ug9W3YMhpUAr2WyDu,2026-05-20T12:26:30,250000053,7BNaxx6KdUYrACNQZ9He26NBFoFxujQMAfNLnArLGH5,DezXAZ8z7PnrnRJjz3wXBoRgixCa6xjnB7YaB1pPB263,sell,3.204023,3.212193,0.99745657,52167.94,2904.51,4.77,893,True,True,True,70.9,PoolC341189561FDCCFC8B7B41DE19751E6E,direct,73777,48961,0.886
4uG6kXhEQDpFab7TZPzL6GXg143VeMsJT4CNS64J6MDKkyC1jf46vCmfBng2rDtv3oLyUss7b9uAv8RnUJPoyXXF,2026-05-20T12:27:00,250000054,7BNaxx6KdUYrACNQZ9He26NBFoFxujQMAfNLnArLGH5,HbxiDXQxBkMN5vVqTxFxnvNhfPsPJFkKZvKUhfQMhDfG,buy,3.647789,3.803745,1.04275357,12392.59,33396.83,8.42,875,True,False,True,72.09,Pool51F41312F836AAC3835FAA2B21A78745,direct,32390,26671,0.93
u11zCRsuVbJYC29WFhoUyEB7V9oYY6RtY8waGm93PXedKczQZEd5KbCxyw8xP49Lohv64B4Hfz2h6xJTYEnZfu1Z,2026-05-20T12:27:30,250000055,7BNaxx6KdUYrACNQZ9He26NBFoFxujQMAfNLnArLGH5,HbxiDXQxBkMN5vVqTxFxnvNhfPsPJFkKZvKUhfQMhDfG,buy,2.691346,2.588184,0.96166899,77933.71,25381.93,6.72,453,False,True,True,24.38,PoolC895CDDA4CCC6CCAADC8D94F2E8E37BD,direct,80955,47523,0.888
oU7KsPyeATqMHpFYaXgAPG2kakayPJx77sGWx4wjouuMh6Tjjm5JRp94vdpaBEf9GozYVA2DgmyD66m9C4VWcu9G,2026-05-20T12:28:00,250000056,7BNaxx6KdUYrACNQZ9He26NBFoFxujQMAfNLnArLGH5,JUPyiJYAv2vEUvvT39kEXQfnN4oGsGEzrHrMXVM9CLhj,sell,1.691419,1.622147,1.0427039,78712.02,45335.12,7.26,132,False,False,False,29.78,Pool6A3857F2C12143A3C31ECFEE6A17FA9D,direct,46200,38491,0.981
cZb39mYvaNxGhLC6DoMpVxZ2WTVPqhVH9ss7VA4aDn6ZzhijEqZYqMJZvMH47fVLFVtwASG44WGULLrSHJevaoK1,2026-05-20T12:28:30,250000057,7BNaxx6KdUYrACNQZ9He26NBFoFxujQMAfNLnArLGH5,HbxiDXQxBkMN5vVqTxFxnvNhfPsPJFkKZvKUhfQMhDfG,buy,8.318827,8.109575,0.97484597,41563.03,31312.35,3.82,661,True,True,False,26.06,PoolCFD2B1BB4F86AFB37166992BB4AC1FCB,direct,14520,3245,0.995
rD4mtAcqqagEC2wBqWFkjbKcXYCyYXT19iVq1GLu3vNS83BoKjsw4fZ31KMiPREybVfv6BtULSCq6ZThzYRSornB,2026-05-20T12:29:00,250000058,7BNaxx6KdUYrACNQZ9He26NBFoFxujQMAfNLnArLGH5,JUPyiJYAv2vEUvvT39kEXQfnN4oGsGEzrHrMXVM9CLhj,buy,7.631545,7.306621,0.95742356,72207.51,3995.73,1.37,369,False,False,True,33.4,PoolEA1DFEA31DAA9BDEA8F2D98BD4912FE1,direct,33621,37124,0.998
B5Mk1mtFc5u2uRsu4UFsD9UP1czRwaqwbVKw4A52bqvkkYPEgSw4XB5G5a4PUPQ8k92oSYQScUYnmV1WRCREd9aj,2026-05-20T12:29:30,250000059,7BNaxx6KdUYrACNQZ9He26NBFoFxujQMAfNLnArLGH5,HbxiDXQxBkMN5vVqTxFxnvNhfPsPJFkKZvKUhfQMhDfG,buy,6.768248,6.469776,0.95590114,67356.04,41852.33,7.44,502,True,True,False,31.96,PoolA74784ABD3C6752765F8AC1193FB5DBC,multi-hop,21558,41429,0.976
z2gmXrMX858aE6JMBnYTLBxiKWke7trhShuuGKfPhwb82DtiXQKtaSN9FUStHvrTCuHb8UZQT1ub87nPrDgjJza6,2026-05-20T12:30:00,250000060,7BNaxx6KdUYrACNQZ9He26NBFoFxujQMAfNLnArLGH5,JUPyiJYAv2vEUvvT39kEXQfnN4oGsGEzrHrMXVM9CLhj,sell,0.861145,0.824002,1.04507635,23608.38,46280.24,1.38,826,False,True,True,44.49,Pool947EDC191D6D8AB59FECA4B2794B27E3,direct,55315,24663,0.879
3exT2qyhEbZpW8sGBAZ2rbFRu73EWdkzYNzBeQkJ49648xBb7i4rWCbykPFpzWv6yj5pbKpdoHD76jpCYe8jY1Ru,2026-05-20T12:30:30,250000061,7BNaxx6KdUYrACNQZ9He26NBFoFxujQMAfNLnArLGH5,7GCihgDB8fe6KNjn2MYtkzZcRjQy3t9GHdC8uHYmW2hr,buy,8.147454,8.203149,1.00683588,38494.36,5635.77,9.15,334,True,False,False,59.77,Pool55CDE3145511A234AD281FDCBF4988AC,direct,51466,488,0.877
1YBAXcarsDLRATC1xmwjQ5Gwt8zDjhGubXzCEDxZ6A3Bg6kYeNMNzsgnrry4dYfvPkZGcJB6mAFGTSj9JL86awg8,2026-05-20T12:31:00,250000062,7BNaxx6KdUYrACNQZ9He26NBFoFxujQMAfNLnArLGH5,DezXAZ8z7PnrnRJjz3wXBoRgixCa6xjnB7YaB1pPB263,sell,3.329154,3.394353,0.98079192,39507.38,33279.52,1.71,716,True,True,True,70.33,Pool4149F4F37F89B2DCBDCBA7252541AED5,direct,32600,46485,0.985
NL19H91syVUmK6yjxtcDBWzcH6vxHhC2o3GhtK7Ue8KnfTfLYV8wz8yKUskAhF7XECKTkWGWqjmDShSj3DEQQbf3,2026-05-20T12:31:30,250000063,7BNaxx6KdUYrACNQZ9He26NBFoFxujQMAfNLnArLGH5,DezXAZ8z7PnrnRJjz3wXBoRgixCa6xjnB7YaB1pPB263,sell,4.694474,4.733477,0.99176018,20408.01,26719.21,7.86,247,True,True,False,53.69,PoolE31B6427399E7BCE113487E87192BAAC,direct,70906,42533,0.995
24jgbF2LAYvm7nAhdQstZKiudHNBoVhh1biCve73Qen9AswemNUFd82qUYk9o3aKvrD2CocqFWAaxjBw2QbvDciH,2026-05-20T12:32:00,250000064,7BNaxx6KdUYrACNQZ9He26NBFoFxujQMAfNLnArLGH5,DezXAZ8z7PnrnRJjz3wXBoRgixCa6xjnB7YaB1pPB263,buy,0.378184,0.36537,0.96611702,39803.37,38889.08,2.49,95,True,True,True,27.85,PoolB73DD828BCB7964BA37844B658219251,direct,28396,8579,0.924
ofMfvNMWkeCo5JAVuBiKMvYYABiDUz1z5ZxQECaPRJPiSzqBpppbkh1dAHLLFLGGvn5VWQDiBvYQr8gu6rmKVgop,2026-05-20T12:32:30,250000065,7BNaxx6KdUYrACNQZ9He26NBFoFxujQMAfNLnArLGH5,7GCihgDB8fe6KNjn2MYtkzZcRjQy3t9GHdC8uHYmW2hr,buy,1.494745,1.473768,0.98596617,48549.57,46169.42,9.42,320,True,True,True,38.42,Pool37F3F9DBEABAD12C4A6E8BF5DFF4AA3A,direct,54826,16596,0.925
AU82CuDWLmJ5mPBzqgo4EUshBeuW8nhEjoyjdavskbNvu8bu9S8v2kGRqWHnVJ7WXe4cwMKpyMNVmgcZZjoPDpy6,2026-05-20T12:33:00,250000066,7BNaxx6KdUYrACNQZ9He26NBFoFxujQMAfNLnArLGH5,DezXAZ8z7PnrnRJjz3wXBoRgixCa6xjnB7YaB1pPB263,buy,0.885916,0.911318,1.02867315,22325.0,31764.84,1.29,668,True,True,True,69.75,Pool12FC1B1EF53851B524E7287B48E63158,direct,93661,44006,0.863
oEaaYLZGWzqv57xa3GBHKcaHNWcm5U1hEgdBE4afNVMsUhRFo6cWhbk4TnekByaTZbfTqwdfG9JEZL1VyMGQNe2K,2026-05-20T12:33:30,250000067,7BNaxx6KdUYrACNQZ9He26NBFoFxujQMAfNLnArLGH5,DezXAZ8z7PnrnRJjz3wXBoRgixCa6xjnB7YaB1pPB263,sell,7.029531,7.080339,0.99282407,53824.24,18623.72,6.55,316,True,True,True,29.66,PoolEEF9F2C58D5321C6B24E2E37DFF8263C,direct,72672,7308,0.888
3uY6Bd7mxqXb4TU8Gjg2UcBZsbidDmbQcvrgJAK5XG5uPU6gZG13JuRkFCt2N64ETPZwsWW8J9t4bqArUA72NhUq,2026-05-20T12:34:00,250000068,7BNaxx6KdUYrACNQZ9He26NBFoFxujQMAfNLnArLGH5,JUPyiJYAv2vEUvvT39kEXQfnN4oGsGEzrHrMXVM9CLhj,buy,2.939991,3.078429,1.0470879,68769.15,44834.56,8.11,581,True,False,False,47.89,Pool8BF48B54D1595EB294D47FBE1F8C9E29,direct,79956,3975,0.986
AbwRNuWoNDMT1ABBbQ9CS7QRbuyQ984PZENvhh6ngKPcUP5TgBdrG6ErLsxqNz1zwbFYJ1MEgAmc7GghTh5DBN24,2026-05-20T12:34:30,250000069,7BNaxx6KdUYrACNQZ9He26NBFoFxujQMAfNLnArLGH5,HbxiDXQxBkMN5vVqTxFxnvNhfPsPJFkKZvKUhfQMhDfG,buy,7.344073,7.63254,1.03927889,53394.86,24657.67,2.33,781,True,False,False,62.39,Pool3B3A7639DD5B3B85A52C8533B49DB8EE,direct,42066,36362,0.939
zyHKw6QqDYZsc8bHHFGa1hvA5qJQzems2EgtDEhLhuw6jk2P8sAppNQqBpJM6SniLJsnsqb695YeEmQjkpeTE6xK,2026-05-20T12:35:00,250000070,7BNaxx6KdUYrACNQZ9He26NBFoFxujQMAfNLnArLGH5,EKpQGSJtjMFqKZ9KQanSqYXRcF8fBopzLHYxdM65zcjm,sell,5.605492,5.519379,1.01560194,60878.96,6886.05,4.52,895,True,True,False,72.76,PoolF6BA8AAA3144CFBFDF43F628D2A5CC34,direct,14647,20698,0.949
wyDofQ8dQLi5ebezxeeQ2gjHNpodsZ5hy43w3fNCyY5YE7GqohBJkC6v2yMWMmRESGQenoDNMZ9jFK8NpihBez3k,2026-05-20T12:35:30,250000071,7BNaxx6KdUYrACNQZ9He26NBFoFxujQMAfNLnArLGH5,7GCihgDB8fe6KNjn2MYtkzZcRjQy3t9GHdC8uHYmW2hr,sell,9.775313,10.132034,0.96479276,50614.0,7593.85,1.22,410,True,True,False,22.42,PoolC221F72D42274F7B6548AA8C4F213241,direct,37617,26851,0.944
GNQsMz1yGHieqbeAb45DnCgCmeTJZKxiHM2ze99s5ihjzbohxcVvnXHTmhd4YHGftyUeWRi8H4odDfeAthxaFnhq,2026-05-20T12:36:00,250000072,7BNaxx6KdUYrACNQZ9He26NBFoFxujQMAfNLnArLGH5,7GCihgDB8fe6KNjn2MYtkzZcRjQy3t9GHdC8uHYmW2hr,sell,1.705796,1.667576,1.0229195,21727.97,33758.34,7.64,156,True,False,True,78.93,Pool9595D1F7FFDED48AEF24A13E6123B481,direct,96721,24127,0.859
YSTqVxVqtkrQXDU5pybVRqvoJRHg6PnsCBQ1xfYvDcUUq7toRzN4rYVrHx3kG1K8xMj64acvVeioCzHCJVvyHDsw,2026-05-20T12:36:30,250000073,7BNaxx6KdUYrACNQZ9He26NBFoFxujQMAfNLnArLGH5,JUPyiJYAv2vEUvvT39kEXQfnN4oGsGEzrHrMXVM9CLhj,buy,3.755762,3.598758,0.9581965,54538.04,8696.48,3.68,714,False,True,False,36.74,Pool5FE531849521E2CDB8CB79799E1629A6,direct,44766,10235,0.993
MkdXyijxm8Jq89Gq5WbosHkXDitCoHdLRAE9vSWuFDjYm48jmS7U3ewytMpHwph8NuDXdAyALCXwXmSUrPWsJjeL,2026-05-20T12:37:00,250000074,7BNaxx6KdUYrACNQZ9He26NBFoFxujQMAfNLnArLGH5,HbxiDXQxBkMN5vVqTxFxnvNhfPsPJFkKZvKUhfQMhDfG,buy,1.083443,1.091409,1.00735249,69638.96,38447.83,9.88,870,True,True,True,34.57,PoolE5FA3A6C12C31BA948E19A91EBD75A91,direct,29430,11705,0.932
CWHrwGuw8hR7dM6yeCcf4fYCanXEYyApjFkTot8kTbRJbNWn1Z5F3jpJVKUwVaLjD5UFiQjBT96aGhvPKiidiThK,2026-05-20T12:37:30,250000075,7BNaxx6KdUYrACNQZ9He26NBFoFxujQMAfNLnArLGH5,HbxiDXQxBkMN5vVqTxFxnvNhfPsPJFkKZvKUhfQMhDfG,sell,9.84993,10.052795,0.97982004,67884.31,49878.14,8.74,476,False,True,True,71.42,Pool23434681A258614ACA4951DD575C6F81,multi-hop,34002,5381,0.871
VmndGuhAoLp5ozxETdnv9HCk1Ze434BuAXsMJZc4qKZN6rnKSpusUTe9Muj6HVc1tc6AuojBVV7qFDDyjboVDjAA,2026-05-20T12:38:00,250000076,7BNaxx6KdUYrACNQZ9He26NBFoFxujQMAfNLnArLGH5,DezXAZ8z7PnrnRJjz3wXBoRgixCa6xjnB7YaB1pPB263,sell,8.102944,7.844415,1.03295708,78676.76,27697.53,1.71,252,False,True,True,55.52,Pool5BF19F72BFF777DD4731EE5A1C6EF815,multi-hop,43988,2556,0.852
NgxQVNrgDmMsBLSZcMhXKpdpWw6epAoR6m9KitDgtJ3QGPBqCRUqy9U6t7bxCUJJXTMbzDX5F5jGzmg5wmH6bZx8,2026-05-20T12:38:30,250000077,7BNaxx6KdUYrACNQZ9He26NBFoFxujQMAfNLnArLGH5,HbxiDXQxBkMN5vVqTxFxnvNhfPsPJFkKZvKUhfQMhDfG,buy,6.773789,6.785086,1.00166775,48057.19,45498.55,8.33,758,True,True,False,60.2,Pool9E5A7CFA67FF1ECA3671D6F1DFA44D1C,direct,1844,35722,0.87
g2LFVkocnXUAXAzffv4FotNrheQjsCecitJnG4FL2uAtyv8bzyyC3qDKph6Xv2ZW8sfUa6wR6txhWJbgSJNMF7uC,2026-05-20T12:39:00,250000078,7BNaxx6KdUYrACNQZ9He26NBFoFxujQMAfNLnArLGH5,HbxiDXQxBkMN5vVqTxFxnvNhfPsPJFkKZvKUhfQMhDfG,sell,6.031672,5.965384,1.01111211,6183.74,24521.26,4.76,777,True,True,False,50.7,Pool737DCF7B1CC99A9D9348EB318E25EEDA,multi-hop,85905,31433,0.968
kYaTdsV26yrK9VTXpZYgPEU6pBPf9HRXu9Ez8k3m9vZUmopY4pAEVveBctRtQE3X7fS1qvQpisiw6jhycUV2sEVF,2026-05-20T12:39:30,250000079,7BNaxx6KdUYrACNQZ9He26NBFoFxujQMAfNLnArLGH5,EKpQGSJtjMFqKZ9KQanSqYXRcF8fBopzLHYxdM65zcjm,buy,7.125695,7.447841,1.04520906,26700.58,40474.25,5.88,83,True,True,True,70.9,Pool4584956BD7232B1674222CE1334D2556,direct,14666,36022,0.958
UdncLV27NJEdYBE4TsmdneAVRedCERzng5PTyh85Pddeqebsa48Sk49apFayu7pRCH7XwPKRdemuth6625znQrLG,2026-05-20T12:40:00,250000080,7BNaxx6KdUYrACNQZ9He26NBFoFxujQMAfNLnArLGH5,HbxiDXQxBkMN5vVqTxFxnvNhfPsPJFkKZvKUhfQMhDfG,buy,9.964856,9.577467,0.96112448,6228.1,19304.33,7.09,251,True,True,False,31.49,PoolBCC464B2A9D6FEBA72CA5F66FCAD5C46,direct,5414,39604,0.977
2pUHZRyHAQuN2NS4Qc8JC1cuW9Gyn5wP7mWwooFuNd6XdDLc9u9Ssrfe9yP6ewy2jsG9UCCSiaVZxdW1iQWoxHuT,2026-05-20T12:40:30,250000081,7BNaxx6KdUYrACNQZ9He26NBFoFxujQMAfNLnArLGH5,JUPyiJYAv2vEUvvT39kEXQfnN4oGsGEzrHrMXVM9CLhj,buy,3.296098,3.13985,0.95259607,46564.21,6630.28,1.25,371,True,True,True,68.74,Pool5B25C1F42F39FEAEDB36586899AE321E,direct,40934,12555,0.866
JaFCBGmou1SkMDcTo5DrLgnANrLt48b65rKDQC2xa1M4thawniJUcUZxX54Pkcf51mjVPrymEVeQ1sdL95KZGAYV,2026-05-20T12:41:00,250000082,7BNaxx6KdUYrACNQZ9He26NBFoFxujQMAfNLnArLGH5,7GCihgDB8fe6KNjn2MYtkzZcRjQy3t9GHdC8uHYmW2hr,sell,4.411126,4.211396,1.04742608,60301.49,28986.3,9.49,854,False,True,False,62.99,PoolC8777BDCA18ACC39217C9379E41C2DF9,multi-hop,99930,43447,0.92
u72nY6jwrszRRBCHYFdJbhb7MK1SbisGHaFpX3Z1fqE3JwesUCVcidNtyerTJXo4zJm9rVh7BhG4qmVtrGwTQdZ2,2026-05-20T12:41:30,250000083,7BNaxx6KdUYrACNQZ9He26NBFoFxujQMAfNLnArLGH5,DezXAZ8z7PnrnRJjz3wXBoRgixCa6xjnB7YaB1pPB263,sell,5.892859,6.027274,0.97769887,8847.54,47941.48,7.32,640,True,True,True,27.84,Pool66D58CA1664DDBC3234E6B37B679EA98,multi-hop,37146,31484,0.908
oV5VmTmaTcx4Y5H2xK6VjDcyobnsmauLMbj7PzFxUetCHpo7QvoYyHJL2dqdF5MwVqiso1fTETuXL7hHqMvbRxoE,2026-05-20T12:42:00,250000084,7BNaxx6KdUYrACNQZ9He26NBFoFxujQMAfNLnArLGH5,DezXAZ8z7PnrnRJjz3wXBoRgixCa6xjnB7YaB1pPB263,buy,3.864224,3.828651,0.99079427,9592.48,43576.63,5.92,597,True,True,False,78.65,Pool79B74657B8A5823DD28A99C61AEAFAFE,direct,50013,28530,0.876
hWGcroCy8Jci1tC9W89hC9vGvM5bb6fQaTddzgVDQWz5usd5dzR2sL5svYXBQKa4vxLJ5ft1qxbfXZcuw8DrR1XH,2026-05-20T12:42:30,250000085,7BNaxx6KdUYrACNQZ9He26NBFoFxujQMAfNLnArLGH5,JUPyiJYAv2vEUvvT39kEXQfnN4oGsGEzrHrMXVM9CLhj,buy,7.044854,6.841081,0.97107492,42526.83,16006.56,6.99,708,True,True,True,29.27,PoolE5C266BCB34DC9A349399CB12BAE2F1D,direct,40049,29734,0.871
kNGZCRu2hdax5CRmhf4tYd3S4PLFuFwToU9WQzQKVuS8Hnqu6pNiFPmCVYeVYtes5kE1a92DuRn88zGnZaN5FFq7,2026-05-20T12:43:00,250000086,7BNaxx6KdUYrACNQZ9He26NBFoFxujQMAfNLnArLGH5,7GCihgDB8fe6KNjn2MYtkzZcRjQy3t9GHdC8uHYmW2hr,buy,8.927161,8.945668,1.00207311,64893.85,10131.68,7.61,331,True,True,True,31.31,Pool33DF1ECD4B6F8BAA4E1EDEC395C147ED,direct,71613,29390,1.0
Yn75dH1frPNgGL9YxGFJWaNhnayeufypTgYUoSjQMhDFuycYdbUEcVoLpM52E24DSBjq8JWcwyHr4VgAAnCS7B3S,2026-05-20T12:43:30,250000087,7BNaxx6KdUYrACNQZ9He26NBFoFxujQMAfNLnArLGH5,7GCihgDB8fe6KNjn2MYtkzZcRjQy3t9GHdC8uHYmW2hr,sell,6.863411,6.547584,1.04823565,34248.38,43933.52,7.94,437,False,True,True,27.59,Pool7896F62599BEA5679BA7A936DEB6947B,direct,1956,21564,0.961
cWtpK8UXDbyVpcrXwLYWm6wt5MD3KuG9w7jYK3LonLy2FNuZPuaymSVmDQKvoi3TdXjubMccjk9bwTH2exwJEAZJ,2026-05-20T12:44:00,250000088,7BNaxx6KdUYrACNQZ9He26NBFoFxujQMAfNLnArLGH5,JUPyiJYAv2vEUvvT39kEXQfnN4oGsGEzrHrMXVM9CLhj,sell,7.971166,8.304695,0.9598385,35776.8,44179.67,7.6,539,True,True,False,75.51,Pool5151E13C17AE5D2383A834DF8BBFFB74,direct,21502,26195,0.962
NNvQvMLWexhRBzyRYHHYYXDZpstggAAkzJe5ZkNdpz36TyEDeFww2mUWUnWi4TAYu4s89hgDXzWp7uiNtg6iNeTD,2026-05-20T12:44:30,250000089,7BNaxx6KdUYrACNQZ9He26NBFoFxujQMAfNLnArLGH5,7GCihgDB8fe6KNjn2MYtkzZcRjQy3t9GHdC8uHYmW2hr,buy,7.572242,7.919461,1.04585419,56851.88,3175.03,7.25,78,True,False,True,26.74,PoolE48D4139FAABD1AC587DCCBA95415524,direct,35982,27171,0.928
RdrnhjzN1PDsF4MPiLCe4uCXM5P43JMJguqQPDTUHBS7EozBKom8wP3j1xcF5Xza5VCAMx4SbSsJMvXzcQuQ44nf,2026-05-20T12:45:00,250000090,7BNaxx6KdUYrACNQZ9He26NBFoFxujQMAfNLnArLGH5,JUPyiJYAv2vEUvvT39kEXQfnN4oGsGEzrHrMXVM9CLhj,sell,8.219427,8.377809,0.98109506,64248.18,8788.33,7.31,794,False,False,False,49.2,Pool9579D3FAA1A992FDFC938A48AEDD29E7,direct,58782,44969,0.978
mB3WBfAPzne4yrPz1GBkmseGVKmoYXDrMjzKXidGoxwJhQKeMK2nuuzYoaLr4wkshbCso3GdvVG3Mu1a9jJdn57G,2026-05-20T12:45:30,250000091,7BNaxx6KdUYrACNQZ9He26NBFoFxujQMAfNLnArLGH5,DezXAZ8z7PnrnRJjz3wXBoRgixCa6xjnB7YaB1pPB263,buy,0.916621,0.879514,0.95951762,60429.54,29719.23,6.78,36,False,True,True,21.98,Pool7444CEF7A335F71AF941D5D1A687F15D,direct,27518,26719,0.976
pQufgCcWjWLFn3bssXkk3GPzJzYkh3RQfjbeP4Lk67QibbHDcF9pJ8mTd2GNmmHwkj16QTb7x7TS7wxpQTZmpeJS,2026-05-20T12:46:00,250000092,7BNaxx6KdUYrACNQZ9He26NBFoFxujQMAfNLnArLGH5,JUPyiJYAv2vEUvvT39kEXQfnN4oGsGEzrHrMXVM9CLhj,sell,3.497568,3.629184,0.963734,75299.17,3206.5,8.34,757,True,True,False,27.35,Pool7CA38A75D694EC1419E8E53F61AB3714,multi-hop,89464,43274,0.957
vNZqGNXa8Eh7hF7AncuHqYxQwPcZTkn9jQdharL8riKnr6RQmarqqw1YUyH71VQ3bkj16BLaq9qmDxTcmmNXZU2A,2026-05-20T12:46:30,250000093,7BNaxx6KdUYrACNQZ9He26NBFoFxujQMAfNLnArLGH5,DezXAZ8z7PnrnRJjz3wXBoRgixCa6xjnB7YaB1pPB263,sell,5.070967,4.959979,1.02237671,14290.5,14387.13,7.29,459,True,True,True,54.88,Pool147B477ABF2E8328E8EFDA8A79792E76,direct,85610,15931,0.97
D4ix3iqbcjntLMkeqfWX2cK3NY6zCeW4o2ZnDoY4A5F4nLTXGgjBseGmcuqaGsUMNrToA3DkvxybrViJ4TmKXCqr,2026-05-20T12:47:00,250000094,7BNaxx6KdUYrACNQZ9He26NBFoFxujQMAfNLnArLGH5,7GCihgDB8fe6KNjn2MYtkzZcRjQy3t9GHdC8uHYmW2hr,sell,9.404834,8.986276,1.04657747,75877.37,11576.86,9.01,668,True,True,True,27.93,PoolDFF94CBC9A71FF72C723A6F23D675F54,direct,85710,40636,0.97
jC2GnE32CniieT1cAwZuT1BydComz7fahL9e9Zm8kRtcSDJAcfezgkgrvUc42kJfPejgkf9ZnnCfb9DZsiouodpq,2026-05-20T12:47:30,250000095,7BNaxx6KdUYrACNQZ9He26NBFoFxujQMAfNLnArLGH5,JUPyiJYAv2vEUvvT39kEXQfnN4oGsGEzrHrMXVM9CLhj,sell,0.134508,0.128115,1.04990048,21831.27,30816.09,1.81,731,False,True,True,42.56,Pool8A242BF6D9276246BC3693BBB6B5F4AB,direct,23917,49023,0.922
yQ9sFCJ6YA45LYnM7u7Y88E2L41VNavEmv4DrZtiCi7vCPoASqVuhaRyhayLWoNx7Y21kG4fhUZumM7xsLBfVDQf,2026-05-20T12:48:00,250000096,7BNaxx6KdUYrACNQZ9He26NBFoFxujQMAfNLnArLGH5,DezXAZ8z7PnrnRJjz3wXBoRgixCa6xjnB7YaB1pPB263,buy,5.869873,5.874308,1.00075555,77111.07,25575.79,5.0,82,True,True,True,55.83,PoolB483968BBDED8C4B271FAFC1B716C7EC,direct,95590,4823,0.902
9Axcny3Qkh8xCZEGLFuopG9ZaQEPPvW29KdNfD5wcNUe1qnfKDN4BjUqEcVvWJxGKTku6QqEi9aC1sdt8mRfuPCz,2026-05-20T12:48:30,250000097,7BNaxx6KdUYrACNQZ9He26NBFoFxujQMAfNLnArLGH5,HbxiDXQxBkMN5vVqTxFxnvNhfPsPJFkKZvKUhfQMhDfG,buy,9.535163,9.499883,0.99630001,81349.13,39714.23,4.84,653,True,True,True,33.38,Pool91C35C72B751638B721BBAE39B567AFB,direct,37200,2461,0.87
wvP9As5uJsm4T34emFpvT1sshfs6sTHpH1ctUM52vybyrGLdKHPP93aqaitoBswCgRxxyWP84aQMwuwr5geBxZzB,2026-05-20T12:49:00,250000098,7BNaxx6KdUYrACNQZ9He26NBFoFxujQMAfNLnArLGH5,JUPyiJYAv2vEUvvT39kEXQfnN4oGsGEzrHrMXVM9CLhj,buy,9.310324,9.047123,0.9717302,75447.45,27875.14,1.62,888,True,False,True,74.45,Pool96A4B8D313BD51DDD482317AEE78C932,direct,42774,39669,0.905
KjXaoRe9dZPAyZrKUK3dABBH52DLPBd3cVHzfjcg4E87NWmkNvRvLUtLDzxPo5wg6FZ82gu5ZPpM88Q7oy5FzfZ1,2026-05-20T12:49:30,250000099,7BNaxx6KdUYrACNQZ9He26NBFoFxujQMAfNLnArLGH5,HbxiDXQxBkMN5vVqTxFxnvNhfPsPJFkKZvKUhfQMhDfG,sell,9.784915,10.041883,0.97441038,19222.48,8977.79,3.14,485,True,True,True,46.36,PoolD92BA8C3946AC52A2BFB815DC5C772B6,direct,2226,3706,0.964
